AFOX;nvidia;GT 630 1024Mb 128Bit AF630-1024D3HG6-V2;gen3;GDDR3;1;128;65;790;525000;1.336304779
AFOX;nvidia;GT 630 2Gb 128Bit AF630-2048D3HG4-V2;gen3;GDDR3;2;128;65;790;600000;1.344016861
AFOX;nvidia;GT 730 4Gb 128Bit AF730-4096D3L3;gen3;GDDR3;4;128;49;929;850000;1.447467917
AFOX;nvidia;GTX 750 Ti 2Gb 128Bit AF750Ti-2048D5H4;gen3;GDDR5;2;128;60;3695;1479000;3.05919855
AFOX;nvidia;GTX 960 2Gb 128Bit AF960-2048D5H3;gen3;GDDR5;2;128;120;5829;2610000;4.369064683
AFOX;nvidia;GTX 970 4Gb 256Bit AF970-4096D5H2;gen3;GDDR5;4;256;145;8574;4260000;6.074036948
AFOX;nvidia;GTX 980 Ti 6Gb 384Bit AF980Ti-6144D5H1;gen3;GDDR5;6;384;165;11360;8660000;8.084717281
Asus;nvidia;GT 210 1Gb 64Bit EN210 SILENT/DI/1GD(LP);gen3;GDDR3;1;64;31;358;443000;1.086250902
Asus;nvidia;GT 710 1GB 64Bit;gen3;GDDR3;1;64;19;657;505000;1.259859969
Asus;nvidia;GT 710 2GB 64Bit;gen3;GDDR3;2;64;19;657;590000;1.268600329
Asus;nvidia;GT 730 Kepler 2Gb 64Bit;gen3;GDDR3;2;64;49;929;830000;1.445411362
Asus;nvidia;GT 730 Kepler 2GB 64Bit;gen3;GDDR5;2;64;49;929;913000;1.453946066
Asus;nvidia;GT 730 Tweak 2Gb 128Bit;gen3;GDDR3;2;128;49;929;910000;1.453637583
Asus;nvidia;GTX 1050 2GB EX;gen3;GDDR5;2;128;75;4628;1970000;3.631523383
Asus;nvidia;GTX 1050 2GB Dual;gen3;GDDR5;2;128;75;4628;2370000;3.672654489
Asus;nvidia;GTX 1050 2GB EX OC;gen3;GDDR5;2;128;75;4628;2070000;3.64180616
Asus;nvidia;GTX 1050 2GB PH;gen3;GDDR5;2;128;75;4628;1820000;3.616099219
Asus;nvidia;GTX 1050 Ti 4GB - Strix OC;gen3;GDDR5;4;128;75;5797;2770000;4.367619199
Asus;nvidia;GTX 1050 Ti 4Gb Dual OC;gen3;GDDR5;4;128;75;5797;2665700;4.356894264
Asus;nvidia;GTX 1050 Ti 4GB EX;gen3;GDDR5;4;128;75;5797;2515000;4.34139812
Asus;nvidia;GTX 1050 Ti 4GB EX - OC Version;gen3;GDDR5;4;128;75;5797;2620000;4.352195035
Asus;nvidia;GTX 1050 Ti 4GB Phoenix - PH-GTX1050TI-4G;gen3;GDDR5;4;128;75;5797;2365700;4.326045935
Asus;nvidia;GTX 1060 Dual - OC Version 3GB;gen3;GDDR5;3;192;120;8743;3560000;6.096580935
Asus;nvidia;GTX 1060 Dual - OC Version 6GB;gen3;GDDR5;6;192;120;8743;4515000;6.194781449
Asus;nvidia;GTX 1060 Strix DCII OC 6GB;gen3;GDDR5;6;192;120;8743;4715000;6.215347002
Asus;nvidia;GTX 1060 Strix OC 6gb;gen3;GDDR5;6;192;120;8743;5115000;6.256478107
Asus;nvidia;GTX 1060 Turbo 3GB;gen3;GDDR5;3;192;120;8743;3370000;6.07704366
Asus;nvidia;GTX 1060 Turbo 6GB;gen3;GDDR5;6;192;120;8743;4365700;6.179429264
Asus;nvidia;GTX 1070 Dual OC 8Gb;gen3;GDDR5;8;256;150;10906;6855000;7.645186344
Asus;nvidia;GTX 1070 Strix 8Gb 256Bit;gen3;GDDR5;8;256;150;10906;7365700;7.697700483
Asus;nvidia;GTX 1070 Strix OC 8Gb;gen3;GDDR5;8;256;150;10906;7960000;7.758811023
Asus;nvidia;GTX 1070 Turbo 8Gb;gen3;GDDR5;8;256;150;10906;6555000;7.614338015
Asus;nvidia;GTX 1080 Strix 8Gb 256Bit;gen3;GDDR5X;8;256;180;11979;11565700;8.729716917
Asus;nvidia;GTX 1080 Strix Advance 8Gb 256Bit;gen3;GDDR5X;8;256;180;11979;11165700;8.688585812
Asus;nvidia;GTX 1080 Strix OC 8Gb 256Bit;gen3;GDDR5X;8;256;180;11979;12615000;8.837614089
Asus;nvidia;GTX 1080 Turbo 8GB - Turbo;gen3;GDDR5X;8;128;180;11979;10170000;8.586200207
Asus;nvidia;GTX 750 Ti 2GB 128Bit Dual Fan (GTX750TI-OC-2GD5);gen3;GDDR5;2;128;60;3695;1628000;3.074519886
Asus;nvidia;GTX 750 Ti 2Gb 128Bit Single Fan (GTX750TI-PH-2GD5);gen3;GDDR5;2;128;60;3695;1560000;3.067527599
Asus;nvidia;GTX 750 Ti STRIX 2Gb 128Bit (Strix-GTX750Ti-OC-2GD5);gen3;GDDR5;2;128;60;3695;1775000;3.089635568
Asus;nvidia;GTX 780 Ti DirectCU II OC 3GB;gen3;GDDR5;3;384;250;8904;5870000;6.424162008
Asus;nvidia;GTX 950 2Gb 128Bit (White) Edition;gen3;GDDR5;2;128;90;5214;1760000;3.937685321
Asus;nvidia;GTX 950 Direct CU II 2GB;gen3;GDDR5;2;128;90;5214;1760000;3.937685321
Asus;nvidia;GTX 950 Direct CU II OC 2GB;gen3;GDDR5;2;128;90;5214;1760000;3.937685321
Asus;nvidia;GTX 950 DirectCU II OC 2GB STRIX - GTX950-DC2OC-2GD5;gen3;GDDR5;2;128;90;5214;1840000;3.945911542
Asus;nvidia;GTX 950 MINI 2GB 128Bit - GTX950-M-2GD5;gen3;GDDR5;2;128;90;5214;1755000;3.937171182
Asus;nvidia;GTX 960 2GB 128Bit Black;gen3;GDDR5;2;128;120;5829;2657000;4.373897588
Asus;nvidia;GTX 960 DirectCU II 4GB 128Bit STRIX;gen3;GDDR5;4;128;120;5829;2945000;4.403511984
Asus;nvidia;GTX 960 DirectCU II OC 4GB 128Bit STRIX;gen3;GDDR5;4;128;120;5829;3315000;4.441558256
Asus;nvidia;GTX 960 Turbo 4GB 128Bit;gen3;GDDR5;4;128;120;5829;2875000;4.39631404
Asus;nvidia;GTX 970 DirectCU II 4GB 256Bit STRIX;gen3;GDDR5;4;256;145;8574;4275000;6.075579365
Asus;nvidia;GTX 970 DirectCU II OC 4GB 256Bit STRIX;gen3;GDDR5;4;256;145;8574;4685000;6.117738748
Asus;nvidia;GTX 970 Turbo 4Gb 256Bit;gen3;GDDR5;4;256;145;8574;3977000;6.044936691
Asus;nvidia;GTX 980 Ti STRIX GAMING 6GB 384Bit;gen3;GDDR5;6;384;165;11360;5945000;7.805539903
Asus;nvidia;GTX TITAN X 12GB 384Bit (GTXTITANZ-12GD5);gen3;GDDR5;12;384;250;10676;17800000;8.641994873
Axle / Cardex;nvidia;GT 210 1Gb 64Bit;gen3;GDDR2;1;64;31;358;295000;1.071032393
Axle / Cardex;nvidia;GT 210 1Gb 64Bit;gen3;GDDR3;1;64;31;358;375000;1.079258614
Axle / Cardex;nvidia;GT 730 1Gb 128Bit;gen3;GDDR3;1;128;49;929;580000;1.419704421
Axle / Cardex;nvidia;GT 730 2Gb 128Bit;gen3;GDDR3;2;128;49;929;750000;1.437185141
Axle / Cardex;nvidia;GTS 250 LE 1Gb 256Bit;gen3;GDDR3;1;256;150;896;1050000;1.449576234
Axle / Cardex;nvidia;GTX 960 2Gb 128Bit;gen3;GDDR5;2;128;120;5829;2440000;4.351583963
Colorful;nvidia;GTX 1050 TI 4GB OC Dual Fan;gen3;GDDR5;4;128;75;5797;1985000;4.286899405
Digital Alliance;nvidia;GT 610 1Gb 64Bit;gen3;GDDR3;1;64;29;355;465700;1.086907162
Digital Alliance;nvidia;GT 710 2Gb 64Bit;gen3;GDDR3;2;64;19;657;555000;1.265001357
Digital Alliance;nvidia;GT 730 1024Mb 64Bit (Kepler);gen3;GDDR5;1;64;49;929;785000;1.440784113
Digital Alliance;nvidia;GT 730 2GB 128BIT;gen3;GDDR3;2;128;49;929;825000;1.444897223
Digital Alliance;nvidia;GT 730 2Gb 64Bit Kepler;gen3;GDDR5;2;64;49;929;825000;1.444897223
Digital Alliance;nvidia;GT 740 2GB 128Bit;gen3;GDDR3;2;128;64;1576;1135000;1.838647519
Digital Alliance;nvidia;GT 740 2GB 128Bit;gen3;GDDR5;2;128;64;1576;1305000;1.856128239
Digital Alliance;nvidia;GTX 1050 I cafe edition 2Gb 128Bit;gen3;GDDR5;2;128;75;4628;1685000;3.602217471
Digital Alliance;nvidia;GTX 1050 Ti DUAL OC 4 GB 128bit;gen3;GDDR5;4;128;75;4628;2185000;3.653631353
Digital Alliance;nvidia;GTX 1050 Ti I cafe edition 4Gb 128Bit;gen3;GDDR5;4;128;75;4628;2135000;3.648489964
Digital Alliance;nvidia;GTX 1060 Dual 3Gb 192Bit;gen3;GDDR5;3;192;120;8743;3010000;6.040025665
Digital Alliance;nvidia;GTX 1060 Dual 6Gb 192Bit;gen3;GDDR5;6;192;120;8743;3760000;6.117146488
Digital Alliance;nvidia;GTX 1060 Jetstream 3Gb 192Bit;gen3;GDDR5;3;192;120;8743;3295000;6.069331578
Digital Alliance;nvidia;GTX 1060 Jetstream 6Gb 192Bit;gen3;GDDR5;6;192;120;8743;4070000;6.149023094
Digital Alliance;nvidia;GTX 1060 Super Jetstream 6Gb 192Bit;gen3;GDDR5;6;192;120;8743;4220000;6.164447259
Digital Alliance;nvidia;GTX 1070 Dual 8Gb 256Bit;gen3;GDDR5;8;256;150;10906;5930000;7.550070663
Digital Alliance;nvidia;GTX 1070 GameRock;gen3;GDDR5;8;256;150;10906;6280000;7.58606038
Digital Alliance;nvidia;GTX 1070 Jetstream 8Gb 256Bit;gen3;GDDR5;8;256;150;10906;6130000;7.570636215
Digital Alliance;nvidia;GTX 1070 Super Jetstream 8Gb 256Bit;gen3;GDDR5;8;256;150;10906;6280000;7.58606038
Digital Alliance;nvidia;GTX 1080 GameRock 8Gb 256Bit;gen3;GDDR5X;8;256;180;11979;9640000;8.531701493
Digital Alliance;nvidia;GTX 1080 GameRock Premium + G - PANEL;gen3;GDDR5X;8;256;180;11979;10340000;8.603680927
Digital Alliance;nvidia;GTX 1080 Jestream 8Gb 256Bit;gen3;GDDR5X;8;256;180;11979;9540000;8.521418716
Digital Alliance;nvidia;GTX 1080 Ti Founders Edition 11Gb 352Bit;gen3;GDDR5X;8;352;250;13104;10135000;9.211825193
Digital Alliance;nvidia;GTX 750 StormX OC 2GB 128Bit;gen3;GDDR5;2;128;55;3268;1525000;2.825103178
Digital Alliance;nvidia;GTX 750 Ti StormX DUAL 2GB 128Bit;gen3;GDDR5;2;128;60;3695;1860000;3.098375928
Digital Alliance;nvidia;GTX 750 Ti StormX OC 2GB 128Bit;gen3;GDDR5;2;128;60;3695;1760000;3.088093151
Digital Alliance;nvidia;GTX 950 StormX 2GB;gen3;GDDR5;2;128;90;5214;2245000;3.987556786
Digital Alliance;nvidia;GTX 950 StormX Dual 2GB;gen3;GDDR5;2;128;90;5214;2345000;3.997839563
Digital Alliance;nvidia;GTX 960 Palit Jetstream 2Gb 128Bit;gen3;GDDR5;2;128;120;5829;2860000;4.394771624
Digital Alliance;nvidia;GTX 960 Palit Jetstream 4GB 128Bit;gen3;GDDR5;4;128;120;5829;3015000;4.410709927
Digital Alliance;nvidia;GTX 970 4Gb 256Bit Jetstream;gen3;GDDR5;4;256;145;8574;4520000;6.100772167
Digital Alliance;nvidia;GTX 980 Super Jetstream 4Gb 256Bit;gen3;GDDR5;4;256;165;9599;5870000;6.812882586
Digital Alliance;nvidia;GTX 980 Ti Super Jetstream 6Gb 384Bit;gen3;GDDR5;6;384;165;11360;7520000;7.96749363
Forsa;nvidia;GT 730 4Gb 128Bit;gen3;GDDR3;4;128;49;929;695000;1.431529614
Galax;nvidia;GT 610 1Gb 64Bit;gen3;GDDR3;1;64;29;355;390000;1.0791231
Galax;nvidia;GT 710 1GB;gen3;GDDR3;1;54;19;657;395000;1.248548915
Galax;nvidia;GT 730 1GB;gen3;GDDR5;1;128;49;929;665700;1.42851676
Galax;nvidia;GTX 1050 2GB EXOC (EXTREME OVERCLOCK) - Dual Fan;gen3;GDDR5;2;128;75;4628;1750000;3.608901275
Galax;nvidia;GTX 1050 2GB OC;gen3;GDDR5;2;128;75;4628;1590000;3.592448833
Galax;nvidia;GTX 1050 Ti 4GB - EXOC (EXTREME OVERCLOCK) - Dual Fan;gen3;GDDR5;4;128;75;5797;2250000;4.314148762
Galax;nvidia;GTX 1050 Ti OC 4GB;gen3;GDDR5;4;128;75;5797;2045000;4.293069071
Galax;nvidia;GTX 1060 3GB OC (OVERCLOCK);gen3;GDDR5;3;192;120;8743;2975000;6.036426693
Galax;nvidia;GTX 1060 EXOC (EXTREME OVERCLOCK) 6GB;gen3;GDDR5;6;192;120;8743;3745000;6.115604071
Galax;nvidia;GTX 1070 8GB EXOC (EXTREME OVERCLOCK) - Dual Fan;gen3;GDDR5;8;256;150;10906;6570000;7.615880431
Galax;nvidia;GTX 1070 8GB HOF (HALL OF FAME) - Triple Fan;gen3;GDDR5;8;256;150;10906;6990000;7.659068092
Galax;nvidia;GTX 1080 8GB HOF (HALL OF FAME) - Triple Fan;gen3;GDDR5X;8;256;250;13104;9850000;9.18251928
Galax;nvidia;GTX 750 Ti 2GB 128Bit BLACK OC;gen3;GDDR5;2;128;60;3695;1275000;3.038221686
Galax;nvidia;GTX 750 Ti EXOC (EXTREME OVERCLOCK) 2GB - Dual Fan;gen3;GDDR5;2;128;60;3695;1740000;3.086036596
Galax;nvidia;GTX 950 2GB BLACK OC SNIPER - Dual Fan;gen3;GDDR5;2;128;90;5214;1880000;3.950024653
Galax;nvidia;GTX 950 EXOC (EXTREME OVERCLOCK) 2GB - Dual Fan;gen3;GDDR5;2;128;90;5214;2250000;3.988070925
Galax;nvidia;GTX 950 OC 2GB - Single Fan;gen3;GDDR5;2;128;90;5214;2089000;3.971515655
Galax;nvidia;GTX 960 4GB EXOC (EXTREME OVERCLOCK) Dual Fan White Edition;gen3;GDDR5;4;128;120;5829;2850000;4.393743346
Galax;nvidia;GTX 970 EXOC (EXTREME OVERCLOCK) 4GB - Black Edition;gen3;GDDR5;4;256;145;8574;4950000;6.144988105
Galax;nvidia;GTX 980 4GB HOF;gen3;GDDR5;4;256;165;9599;7000000;6.929077959
Galax;nvidia;GTX 980 Ti 6GB HOF - Triple Fan;gen3;GDDR5;6;384;165;11360;6990000;7.912994916
Gigabyte;nvidia;GT 420 2Gb 128Bit (GV-N420-2GI);gen3;GDDR3;2;128;50;460;746000;1.174457353
Gigabyte;nvidia;GT 710 1Gb 64Bit (GV-N710D3-1GL);gen3;GDDR3;1;64;19;657;554000;1.264898529
Gigabyte;nvidia;GT 710 2GB 64Bit (GV-N710D3-2GL);gen3;GDDR3;2;64;19;657;609000;1.270554056
Gigabyte;nvidia;GT 730 2Gb 128Bit (GV-N730-2GI);gen3;GDDR3;2;128;49;929;945000;1.457236555
Gigabyte;nvidia;GT 730 2Gb 64Bit (GV-N730D5-2GI);gen3;GDDR5;2;64;49;929;980000;1.460835527
Gigabyte;nvidia;GTX 1050 2GB (GV-N1050D5-2GD);gen3;GDDR5;2;128;75;4628;1950000;3.629466828
Gigabyte;nvidia;GTX 1050 G1 Gaming 2Gb 128Bit (GV-N1050G1 GAMING-2GD);gen3;GDDR5;2;128;75;4628;2345000;3.670083795
Gigabyte;nvidia;GTX 1050 OC 2GB 128Bit (GV-N1050OC-2GD);gen3;GDDR5;2;128;75;4628;2015000;3.636150633
Gigabyte;nvidia;GTX 1050 Ti DirectX 12 4GB 128-Bit (GV-N105TD5-4GD);gen3;GDDR5;4;128;75;5797;2245000;4.313634624
Gigabyte;nvidia;GTX 1050 Ti G1 Gaming 4GB 128Bit (GV-N105TG1 GAMING-4GD);gen3;GDDR5;4;128;75;5797;2755000;4.366076783
Gigabyte;nvidia;GTX 1050 Ti OC 4GB 128Bit (GV-N105TOC-4GD);gen3;GDDR5;4;128;75;5797;2410000;4.330601205
Gigabyte;nvidia;GTX 1050 Ti WINDFORCE OC 4G 128Bit (GV-N105TWF2OC-4GD);gen3;GDDR5;4;128;75;5797;2640000;4.35425159
Gigabyte;nvidia;GTX 1050 Windforce OC 2GB 128Bit (GV-N1050WF2OC-2GD);gen3;GDDR5;2;128;75;4628;2300000;3.665456545
Gigabyte;nvidia;GTX 1060 G1 Gaming 3GB 192Bit (GV-N1060G1 GAMING-3GD);gen3;GDDR5;3;192;120;8743;3950000;6.136683763
Gigabyte;nvidia;GTX 1060 G1 Gaming 6Gb 192Bit (GV-N1060G1 GAMING-6GD);gen3;GDDR5;6;192;120;8743;4670000;6.210719752
Gigabyte;nvidia;GTX 1060 Windforce OC 3GB 192Bit (GV-N1060WF2OC-3GD);gen3;GDDR5;3;192;120;8743;3685000;6.109434405
Gigabyte;nvidia;GTX 1060 WINDFORCE OC 6G 192Bit (GV-N1060WF2OC-6GD);gen3;GDDR5;6;192;120;8743;4433000;6.186349572
Gigabyte;nvidia;GTX 1070 8GB Extreme (GV-N1070XTREME-8GD);gen3;GDDR5;8;256;150;10906;7775000;7.739787886
Gigabyte;nvidia;GTX 1070 Gaming 8Gb 256Bit (GV-N1070G1 Gaming-8GD);gen3;GDDR5;8;256;150;10906;6935000;7.653412565
Gigabyte;nvidia;GTX 1070 WindForce OC 8GB 256Bit (GV-N1070WF2OC-8GD);gen3;GDDR5;8;256;150;10906;6605000;7.619479403
Gigabyte;nvidia;GTX 1080 Extreme 8GB 256bit GV-N1080XTREME-8GD-PP;gen3;GDDR5X;8;256;180;11979;10470000;8.617048536
Gigabyte;nvidia;GTX 1080 G1 Gaming 8GB 256bit GV-N1080G1 GAMING-8GD;gen3;GDDR5X;8;256;180;11979;9840000;8.552267045
Gigabyte;nvidia;GTX 980 Xtreme 4GB 256Bit (GV-N980X3WA-4GD);gen3;GDDR5;4;256;165;9599;7210000;6.950671789
iGame;nvidia;GTX 1050 TI 4GB U-4G Blaze Duo Cooler;gen3;GDDR5;4;128;75;5797;2275000;4.316719456
iGame;nvidia;GTX 1060 U-TOP 3Gb Triple Fan;gen3;GDDR5;3;192;120;8743;3250000;6.064704328
iGame;nvidia;GTX 1070 X-Top 8GB;gen3;GDDR5;8;256;150;10906;5895000;7.546471691
iGame;nvidia;GTX 960 2GB U-4GD5 BA1;gen3;GDDR5;2;128;120;5829;2450000;4.352612241
Inno;nvidia;3D GT 210 1GB 64Bit;gen3;GDDR3;1;64;31;358;365700;1.078302316
Inno;nvidia;3D GT 710 1Gb 64Bit;gen3;GDDR3;1;64;19;657;395000;1.248548915
Inno;nvidia;3D GT 710 2Gb 64Bit;gen3;GDDR3;2;64;19;657;490000;1.258317552
Inno;nvidia;3D GT 730 1Gb 64Bit;gen3;GDDR5;1;64;49;929;680000;1.429987197
Inno;nvidia;3D GT 730 2GB 128Bit;gen3;GDDR3;2;128;49;929;730000;1.435128586
Inno;nvidia;3D GT 730 2GB 64Bit;gen3;GDDR5;2;64;49;929;740000;1.436156863
Inno;nvidia;3D GT 730 4GB 128Bit;gen3;GDDR3;4;128;49;925;1050000;1.465796229
Inno;nvidia;3D GT 740 4GB 128Bit;gen3;GDDR3;4;128;64;1576;1170000;1.842246491
Inno;nvidia;3D GTX 1050 2GB Compact;gen3;GDDR5;2;128;75;4628;1575000;3.590906417
Inno;nvidia;3D GTX 1050 2GB Twin;gen3;GDDR5;2;128;75;4628;1680000;3.601703332
Inno;nvidia;3D GTX 1050 4GB Twin;gen3;GDDR5;4;128;75;4628;2035000;3.638207188
Inno;nvidia;3D GTX 1050 Ti 4GB Compact;gen3;GDDR5;4;128;75;5797;2030000;4.291526654
Inno;nvidia;3D GTX 1050 Ti 4GB OC Twin;gen3;GDDR5;4;128;75;5797;2210000;4.310035652
Inno;nvidia;3D GTX 1060 3GB Compact;gen3;GDDR5;3;192;120;8743;2870000;6.025629778
Inno;nvidia;3D GTX 1060 Compact 6GB;gen3;GDDR5;6;192;120;8743;3470000;6.087326436
Inno;nvidia;3D GTX 1060 Gaming OC 6Gb;gen3;GDDR5;6;192;120;8743;3620000;6.102750601
Inno;nvidia;3D GTX 1060 ICHILL ULTRA 3GB;gen3;GDDR5;3;192;120;8743;4075000;6.149537233
Inno;nvidia;3D GTX 1060 ICHILL ULTRA 6GB;gen3;GDDR5;6;192;120;8743;3675000;6.108406128
Inno;nvidia;3D GTX 1060 ICHILL X3 6Gb;gen3;GDDR5;6;192;120;8743;3805000;6.121773737
Inno;nvidia;3D GTX 1070 Gaming OC 8GB 256Bit;gen3;GDDR5;8;256;150;10906;5575000;7.513566807
Inno;nvidia;3D GTX 1070 ICHILL BLACK WATERCOOLING 8GB;gen3;GDDR5;8;256;150;10906;6765700;7.636003825
Inno;nvidia;3D GTX 1070 ICHILL X4 8Gb;gen3;GDDR5;8;256;150;10906;6075000;7.564980688
Inno;nvidia;3D GTX 1080 Gaming OC 8Gb;gen3;GDDR5X;8;256;180;11979;8170000;8.38054468
Inno;nvidia;3D GTX 1080 ICHILL BLACK WATERCOOLING 8GB;gen3;GDDR5X;8;256;180;11979;9225000;8.489027971
Inno;nvidia;3D GTX 1080 ICHILL X4 8GB 256Bit;gen3;GDDR5X;8;256;180;11979;8575000;8.422189925
Inno;nvidia;3D GTX 750 TI OC 2GB 128Bit - Dual Fan;gen3;GDDR5;2;128;60;3695;1468000;3.058067444
Inno;nvidia;3D GTX 750 TI OC 2GB 128Bit - Single Fan;gen3;GDDR5;2;128;60;3695;1345000;3.045419629
Inno;nvidia;3D GTX 760 ICHILL 2GB;gen3;GDDR5;2;128;170;4952;2825000;3.900657621
Inno;nvidia;3D GTX 950 ICHILL ULTRA 2GB 128Bit;gen3;GDDR5;2;128;90;5214;1730000;3.934600488
Inno;nvidia;3D GTX 950 oc 2GB 128Bit;gen3;GDDR5;2;128;90;5214;1715000;3.933058072
Inno;nvidia;3D GTX 960 2GB 128Bit OC;gen3;GDDR5;2;128;120;5829;3220000;4.431789619
Inno;nvidia;3D GTX 960 4Gb 128Bit OC;gen3;GDDR5;4;128;120;5829;2860000;4.394771624
Inno;nvidia;3D GTX 960 ICHILL ULTRA 2GB 128Bit;gen3;GDDR5;2;128;120;5829;3525000;4.463152087
Inno;nvidia;3D GTX 960 ICHILL ULTRA 4GB 128Bit;gen3;GDDR5;4;128;120;5829;3065700;4.415923295
Inno;nvidia;3D GTX 970 4GB 256Bit ICHILL ULTRA;gen3;GDDR5;4;256;145;8574;3445000;5.990232321
Inno;nvidia;3D GTX 970 4GB 256Bit OC;gen3;GDDR5;4;256;145;8574;4645000;6.113625637
Inno;nvidia;3D GTX 980 4GB 256Bit HYBRID WATERCOOLING;gen3;GDDR5;4;256;165;9599;6467000;6.874270761
Inno;nvidia;3D GTX 980 4GB 256Bit ICHILL ULTRA;gen3;GDDR5;4;256;165;9599;6265700;6.853571532
Inno;nvidia;3D GTX 980 4GB 256Bit OC;gen3;GDDR5;4;256;165;9599;6815000;6.910054823
Inno;nvidia;3D GTX 980 HYBRID W.C 4GB;gen3;GDDR5;4;256;165;9599;6465700;6.874137085
Inno;nvidia;3D GTX 980 ICHILL ULTRA 4GB;gen3;GDDR5;4;256;165;9599;6265700;6.853571532
Inno;nvidia;3D GTX 980 TI HYBRID WATERCOOLING 6GBb 384Bit;gen3;GDDR5;6;384;165;11360;7865700;8.003041188
Inno;nvidia;3D GTX 980 TI ICHILL ULTRA 6Gb 384Bit;gen3;GDDR5;6;384;165;11360;5665700;7.776820108
Inno;nvidia;3D GTX 980 TI REFERENCE 6GB;gen3;GDDR5;6;384;165;11360;11730000;8.400398514
Inno;nvidia;3D Titan X 12GB;gen3;GDDR5;12;384;250;10676;14750000;8.328370194
Manli;nvidia;GT 210 1Gb 64Bit;gen3;GDDR3;1;64;31;358;412000;1.083063242
Manli;nvidia;GT 630 1Gb 128Bit;gen3;GDDR3;1;128;65;790;540000;1.337847195
Manli;nvidia;GT 630 4Gb 128Bit;gen3;GDDR3;4;128;65;790;972000;1.382268789
Manli;nvidia;GT 710 1Gb 64Bit;gen3;GDDR3;1;64;19;657;418000;1.250913953
Manli;nvidia;GT 710 2Gb 64Bit;gen3;GDDR3;2;64;19;657;528000;1.262225007
Manli;nvidia;GT 730 2Gb 128Bit;gen3;GDDR3;2;128;49;929;740000;1.436156863
Manli;nvidia;GT 730 4Gb 128Bit;gen3;GDDR3;1;128;49;929;960000;1.458778971
Manli;nvidia;GTS 450 1Gb 128Bit;gen3;GDDR3;1;128;106;1555;750000;1.787313316
Manli;nvidia;GTX 1050 Ti Gallardo 4GB 128Bit;gen3;GDDR5;4;128;75;5797;2070000;4.295639765
Manli;nvidia;GTX 1060 6GB 192Bit - Twin Cooler;gen3;GDDR5;6;192;120;8743;3730000;6.114061655
Manli;nvidia;GTX 1070 8GB 256Bit - Founder Edition;gen3;GDDR5;8;256;150;10906;6645000;7.623592514
Manli;nvidia;GTX 1070 8GB 256Bit - Gallardo;gen3;GDDR5;8;256;150;10906;6745000;7.63387529
Manli;nvidia;GTX 1070 8GB 256Bit - Ultimate;gen3;GDDR5;8;256;150;10906;6695000;7.628733902
Manli;nvidia;GTX 1080 8GB 256Bit - Founder Edition;gen3;GDDR5;8;256;180;11979;10990000;8.670518973
Manli;nvidia;GTX 1080 8GB 256Bit - Ultimate;gen3;GDDR5;8;256;180;11979;10190000;8.588256763
Manli;nvidia;GTX 1080 8GB 256Bit - Gallardo;gen3;GDDR5X;8;256;180;11979;10240000;8.593398151
Manli;nvidia;GTX 750 2GB 128Bit;gen3;GDDR5;2;128;55;3268;1510000;2.823560762
Manli;nvidia;GTX 750 Ti 2GB 128Bit;gen3;GDDR5;2;128;60;3695;1450000;3.056216545
Manli;nvidia;GTX 760 Ultimate 2Gb 256Bit;gen3;GDDR5;2;256;170;4952;3475000;3.967495667
Manli;nvidia;GTX 760 Ultimate 4Gb 256Bit;gen3;GDDR5;4;256;170;4952;3865700;4.007670474
Manli;nvidia;GTX 770 Ultimate 4GB 384Bit;gen3;GDDR5;4;384;230;6108;2380000;4.501461839
Manli;nvidia;GTX 950 Ultimate 2GB 128Bit;gen3;GDDR5;2;128;90;5214;2350000;3.998353701
Manli;nvidia;GTX 960 Ultimate 2GB 128Bit;gen3;GDDR5;2;128;120;5829;2745000;4.382946431
Manli;nvidia;GTX 960 Ultimate 4GB 128Bit;gen3;GDDR5;4;128;120;5829;2960000;4.4050544
Manli;nvidia;GTX 970 Ultimate Plus 4GB 256Bit;gen3;GDDR5;4;256;145;8574;4745000;6.123908414
Manli;nvidia;GTX 980 Twin Cooler 4Gb 256Bit;gen3;GDDR5;4;256;165;9599;7613000;6.992111378
MSI;nvidia;GT 710 1Gb 64Bit;gen3;GDDR3;1;64;19;657;548000;1.264281563
MSI;nvidia;GT 710 2Gb 64Bit;gen3;GDDR3;2;64;19;657;630000;1.272713439
MSI;nvidia;GT 710 2Gb;gen3;GDDR3;2;64;19;657;610000;1.270656884
MSI;nvidia;GT 730 2Gb 128Bit N730-2GD3 MSI;gen3;GDDR3;2;128;49;929;891000;1.451683856
MSI;nvidia;GT 730 Kepler 2GB 64BIT - N730K-2GBD5/OC V1;gen3;GDDR5;2;64;49;929;940000;1.456722416
MSI;nvidia;GTX 1050 2GB - 2GT LP;gen3;GDDR5;2;128;75;4628;1820000;3.616099219
MSI;nvidia;GTX 1050 2GB - 2GT OC;gen3;GDDR5;2;128;75;4628;2085000;3.643348576
MSI;nvidia;GTX 1050 2GB - OC;gen3;GDDR5;2;128;75;4628;1885000;3.622783023
MSI;nvidia;GTX 1050 Gaming X 2GB;gen3;GDDR5;2;128;75;4628;2330000;3.668541378
MSI;nvidia;GTX 1050 Ti 4GB - 4GT LP;gen3;GDDR5;4;128;75;5797;2239000;4.313017657
MSI;nvidia;GTX 1050 Ti 4GB - 4GT OC;gen3;GDDR5;4;128;75;5797;2485000;4.338313287
MSI;nvidia;GTX 1050 Ti 4GB - OC 1Fan;gen3;GDDR5;4;128;75;5797;2285000;4.317747734
MSI;nvidia;GTX 1050 Ti AERO ITX 4G OC;gen3;GDDR5;4;128;75;5797;2275000;4.316719456
MSI;nvidia;GTX 1050 Ti Gaming X 4GB;gen3;GDDR5;4;128;75;5797;2725000;4.36299195
MSI;nvidia;GTX 1060 3GB - Armor 3G OC V1;gen3;GDDR5;3;192;120;8743;3480000;6.088354714
MSI;nvidia;GTX 1060 3GB 3GT OC;gen3;GDDR5;3;192;120;8743;3289000;6.068714611
MSI;nvidia;GTX 1060 6GB - Armor 6G OC V1;gen3;GDDR5;6;192;120;8743;4265700;6.169146488
MSI;nvidia;GTX 1060 6Gb OC 192Bit 6GT OCV1;gen3;GDDR5;6;192;120;8743;4165700;6.158863711
MSI;nvidia;GTX 1060 AERO ITX 6G OC (mini ITX);gen3;GDDR5;6;192;120;8743;3975000;6.139254457
MSI;nvidia;GTX 1060 CAMO SQUAD 6G;gen3;GDDR5;6;192;120;8743;4947000;6.239203043
MSI;nvidia;GTX 1060 Gaming X 3Gb 192Bit;gen3;GDDR5;3;192;120;8743;3965700;6.138298159
MSI;nvidia;GTX 1060 Gaming X 6Gb 192Bit;gen3;GDDR5;6;192;120;8743;4860000;6.230257027
MSI;nvidia;GTX 1070 8GB - Armor 8G OC;gen3;GDDR5;8;256;150;10906;6450000;7.6035411
MSI;nvidia;GTX 1070 AERO ITX 8G OC;gen3;GDDR5;8;256;150;10906;6370000;7.595314879
MSI;nvidia;GTX 1070 Duke 8GB;gen3;GDDR5;8;256;150;10906;6950000;7.654954981
MSI;nvidia;GTX 1070 Founders Edition 8GB 256Bit;gen3;GDDR5;8;256;150;10906;7832000;7.745649069
MSI;nvidia;GTX 1070 GAMING X 8G 256Bit;gen3;GDDR5;8;256;150;10906;7250000;7.68580331
MSI;nvidia;GTX 1070 GAMING Z 8G 256Bit;gen3;GDDR5;8;256;150;10906;8417000;7.80580331
MSI;nvidia;GTX 1070 Quick Silver 8GB OC 256Bit;gen3;GDDR5;8;256;150;10906;7450000;7.706368863
MSI;nvidia;GTX 1070 SEA HAWK X 8GB 256Bit GDDR;gen3;GDDR5;8;256;150;10906;7945000;7.757268606
MSI;nvidia;GTX 1080 Armor 8Gb OC 256Bit;gen3;GDDR5;8;256;180;11979;9430000;8.510107662
MSI;nvidia;GTX 1080 Gaming 8Gb 256Bit;gen3;GDDR5;8;256;180;11979;11400000;8.712678357
MSI;nvidia;GTX 1080 Gaming X 8Gb 256Bit;gen3;GDDR5X;8;256;180;11979;12370000;8.812421287
MSI;nvidia;GTX 1080 Sea Hawk EK 8GB;gen3;GDDR5X;8;256;180;11979;13750000;8.954323601
MSI;nvidia;GTX 1080 Sea Hawk X 8GB;gen3;GDDR5X;8;256;180;11979;13057000;8.883063961
MSI;nvidia;GTX 1080 Ti Founders Edition;gen3;GDDR5X;8;384;250;13104;12999000;9.506323907
MSI;nvidia;GTX 750 Ti 2GB 2GD5/OC;gen3;GDDR5;2;128;60;3695;1577000;3.069275671
MSI;nvidia;GTX 750 Ti 2GB Dual Fan 2GD5/OC V2;gen3;GDDR5;2;128;60;3695;1773000;3.089429912
MSI;nvidia;GTX 750 Ti Twin Frozr 2GB N750TI-TF 2GD5/OC V1 GAMING;gen3;GDDR5;2;128;60;3695;2116000;3.124699835
MSI;nvidia;GTX 950 2Gb (GTX950 2GD5T OC V3);gen3;GDDR5;2;128;90;5214;2100000;3.972646761
MSI;nvidia;GTX 950 2Gb Armor (GTX9502GD5T/OC);gen3;GDDR5;2;128;90;5214;2655000;4.029716169
MSI;nvidia;GTX 950 2Gb Dual Fan (GTX950 2GD5T OC V2);gen3;GDDR5;2;128;90;5214;2200000;3.982929537
MSI;nvidia;GTX 950 Gaming 2Gb 128Bit;gen3;GDDR5;2;128;90;5214;2851000;4.049870411
MSI;nvidia;GTX 960 2Gb Tiger Edition 128Bit (GTX960 2GD5T OC);gen3;GDDR5;2;128;120;5829;2815000;4.390144375
MSI;nvidia;GTX 960 4Gb After Burner (GTX 960 4GD5T OC V2);gen3;GDDR5;4;128;120;5829;3439000;4.454308899
MSI;nvidia;GTX 960 Gaming 2Gb 128Bit;gen3;GDDR5;2;128;120;5829;3000000;4.409167511
MSI;nvidia;GTX 960 Gaming 4GB 128Bit;gen3;GDDR5;4;128;120;5829;3880000;4.499655943
MSI;nvidia;GTX 970 4Gb 4GDST OC 256Bit (Tiger Editon);gen3;GDDR5;4;256;145;8574;4390000;6.087404558
MSI;nvidia;GTX 970 Gaming 4Gb 256Bit;gen3;GDDR5;4;256;145;8574;4500000;6.098715611
MSI;nvidia;GTX 980 4096MB - 4GD5T OC (Armor Fan 2X);gen3;GDDR5;4;256;165;9599;6922000;6.921057393
MSI;nvidia;GT 730 2Gb 128Bit;gen3;GDDR3;2;128;49;929;775000;1.439755835
MSI;nvidia;GT 740 2GB 128Bit;gen3;GDDR5;2;128;64;1576;1034000;1.828261915
MSI;nvidia;GT 610 2048 MB;gen3;GDDR3;2;64;29;355;710000;1.112027985
MSI;nvidia;GT 710 2048 MB;gen3;GDDR3;2;64;19;657;765700;1.286667167
MSI;nvidia;GT 730 Passive 2Gb 64Bit;gen3;GDDR3;2;64;49;929;905000;1.453123444
MSI;nvidia;GTX 1080 8GB Founders Edition;gen3;GDDR5;8;256;180;11979;10990000;8.670518973
MSI;nvidia;GTX 960 4GB OC Hurricane;gen3;GDDR5;4;128;120;5829;3480000;4.458524837
MSI;nvidia;GTX 980 OC Huricane 4Gb 256Bit;gen3;GDDR5;4;256;165;9599;7990000;7.030877445
MSI;nvidia;GT 210 1Gb 64Bit;gen3;GDDR3;1;64;31;358;420000;1.083885864
MSI;nvidia;GT 610 1GB 64Bit;gen3;GDDR3;1;64;29;355;419000;1.082105106
MSI;nvidia;GT 660 2GB 256Bit;gen3;GDDR5;2;256;140;4119;1011000;3.248222674
MSI;nvidia;GT 710 1GB 64Bit;gen3;GDDR3;1;64;19;657;441000;1.253278992
MSI;nvidia;GT 730 1Gb 64Bit;gen3;GDDR5;1;64;49;929;736000;1.435745552
MSI;nvidia;GT 730 2Gb 128Bit;gen3;GDDR3;2;128;49;929;774000;1.439653007
MSI;nvidia;GT 740 1GB 128Bit;gen3;GDDR5;1;128;64;1576;965700;1.821238779
MSI;nvidia;GTX 1050 2GB;gen3;GDDR5;2;128;75;4628;1592000;3.592654489
MSI;nvidia;GTX 1050 2GB OC Dual Fan;gen3;GDDR5;2;128;75;4628;1733000;3.607153203
MSI;nvidia;GTX 1050 Ti 4GB OC Dual Fan;gen3;GDDR5;4;128;75;5797;2247000;4.313840279
MSI;nvidia;GTX 1050 Ti 4GB Single Fan;gen3;GDDR5;4;128;75;5797;2068000;4.295434109
MSI;nvidia;GTX 1060 3GB 192Bit;gen3;GDDR5;3;192;120;8743;2835000;6.022030806
PixelView;nvidia;GTX 1060 6Gb 192Bit Single Fan;gen3;GDDR5;6;192;120;8743;3505000;6.090925408
Sapphire;nvidia;GTX 1060 AMP Edition 3GB 192Bit;gen3;GDDR5;3;192;120;8743;2970000;6.035912554
Tesla;nvidia;GTX 1060 AMP Edition 6Gb 192Bit;gen3;GDDR5;6;192;120;8743;3780000;6.119203043
Tesla;nvidia;GTX 1070 AMP 8Gb;gen3;GDDR5;8;256;150;10906;6055000;7.562924133
Winfast;nvidia;GTX 1070 AMP EXTREME 8Gb;gen3;GDDR5;8;256;150;10906;6411000;7.599530817
Winfast;nvidia;GTX 1070 DUAL FAN 8Gb;gen3;GDDR5;8;256;150;10906;5622000;7.518399711
Winfast;nvidia;GTX 1080 8GB Dual Fan;gen3;GDDR5;8;256;180;11979;8185000;8.382087097
Winfast;nvidia;GTX 1080 AMP 8Gb;gen3;GDDR5;8;256;180;11979;8735000;8.438642367
Winfast;nvidia;GTX 1080 AMP EXTREME 8Gb;gen3;GDDR5;8;256;180;11979;9185000;8.48491486
Winfast;nvidia;GTX 1080 Founders Edition 8GB;gen3;GDDR5;8;256;180;11979;9021000;8.468051107
Zotac;nvidia;GTX 750 1GB;gen3;GDDR5;1;128;55;3268;1170000;2.788599322
Zotac;nvidia;GTX 750 2GB;gen3;GDDR5;2;128;55;3268;1307000;2.802686726
Zotac;nvidia;GTX 750 Ti 1GB;gen3;GDDR5;1;128;60;3695;1307000;3.041512174
Zotac;nvidia;GTX 750 Ti 2GB;gen3;GDDR5;2;128;60;3695;1443000;3.05549675
Zotac;nvidia;GTX 770 AMP 2GB;gen3;GDDR5;2;256;230;6108;2485000;4.512258754
Zotac;nvidia;GTX 950 2GB 128Bit;gen3;GDDR5;2;128;90;5214;1717000;3.933263727
Zotac;nvidia;GTX 950 AMP 2Gb;gen3;GDDR5;2;128;90;5214;1859000;3.94786527
Zotac;nvidia;GTX 950 OC 2Gb;gen3;GDDR5;2;128;90;5214;1791000;3.940872982
Zotac;nvidia;GTX 960 2Gb;gen3;GDDR5;2;128;120;5829;2136000;4.320324323
Zotac;nvidia;GTX 960 AMP 2Gb;gen3;GDDR5;2;128;120;5829;2336000;4.340889876
Zotac;nvidia;GTX 970 4Gb 256Bit;gen3;GDDR5;4;256;145;8574;2887000;5.932854429
Zotac;nvidia;GTX 970 4GB AMP OMEGA CORE;gen3;GDDR5;4;256;145;8574;4410000;6.089461113
Zotac;nvidia;GTX 970 AMP EXTREME 4GB 256Bit;gen3;GDDR5;4;256;145;8574;3306000;5.975939262
Zotac;nvidia;GTX 970 AMP OMEGA 4Gb 256Bit;gen3;GDDR5;4;256;145;8574;4280000;6.076093504
Zotac;nvidia;GTX 980 4Gb 256Bit;gen3;GDDR5;4;256;165;9599;5340000;6.758383872
Zotac;nvidia;GTX 980 AMP 4Gb 256Bit;gen3;GDDR5;4;256;165;9599;5474000;6.772162792
Zotac;nvidia;GTX 980 AMP OMEGA / CORE 4Gb 256Bit;gen3;GDDR5;4;256;165;9599;5474000;6.772162792
Zotac;nvidia;GTX 980 Ti AMP 6Gb 384Bit;gen3;GDDR5;6;384;165;11360;5895000;7.800398514
Zotac;nvidia;GTX 980 Ti AMP EXTREME 6Gb 384Bit;gen3;GDDR5;6;384;165;11360;6306000;7.842660725
Zotac;nvidia;GTX TITAN Black 6Gb;gen3;GDDR5;6;384;250;8602;10225000;6.703065243
Asus;radeon;HD 5450 1Gb 64Bit EAH5450 SILENT/DI/1GB/D3/LP;gen3;GDDR3;1;64;11;231;450000;1.015938303
Asus;radeon;R7 240 2Gb 128Bit;gen3;GDDR3;2;128;30;962;730000;1.453585822
Asus;radeon;R7 250 2Gb 128Bit;gen3;GDDR3;2;128;75;1409;838000;1.714702872
Asus;radeon;R7 360 2GB OC (R7360-OC-2GD5);gen3;GDDR5;2;128;100;3237;1577000;2.813111606
Asus;radeon;R7 370 2GB STRIX;gen3;GDDR5;2;256;110;4616;2595000;3.689079013
Asus;radeon;R7 370 4GB STRIX;gen3;GDDR5;4;256;110;4616;2230000;3.65154688
Asus;radeon;R9 380 4GB STRIX;gen3;GDDR5;4;256;190;5948;3065000;4.482409227
Asus;radeon;R9 390 8GB DirectCU II OC STRIX Gaming (R9390-DC3OC-8GD5-GAMING);gen3;GDDR5;8;512;275;7861;4912000;5.742292489
Asus;radeon;R9 FURYX 4GB 4096BIT - 4GB HBM;gen3;GDDR5;4;4096;175;8360;7795000;6.317840713
Asus;radeon;RX 460 2GB Dual-OC Version;gen3;GDDR5;2;128;75;4287;1675000;3.41046442
Asus;radeon;RX 460 Dual 2Gb;gen3;GDDR5;2;128;75;4287;1630000;3.405837171
Asus;radeon;RX 460 Strix OC Gaming 4GB;gen3;GDDR5;4;128;75;4287;2190000;3.463420719
Asus;radeon;RX 470 Strix OC 4GB;gen3;GDDR5;4;256;120;7327;3350000;5.283003884
Asus;radeon;RX 470 Strix OC Gaming 4GB;gen3;GDDR5;4;256;120;7327;3365000;5.2845463
Asus;radeon;RX 480 4GB Dual;gen3;GDDR5;4;256;150;8009;3580000;5.688103815
Asus;radeon;RX 480 Dual-OC Version 4GB 256Bit;gen3;GDDR5;4;256;150;8009;3855000;5.71638145
Asus;radeon;RX 480 Strix OC 8GB 256Bit;gen3;GDDR5;8;256;150;8009;4425000;5.774993275
Asus;radeon;RX 480 Strix OC Gaming 8GB 256Bit;gen3;GDDR5;8;256;150;8009;4290000;5.761111527
Club 3D;radeon;HD 7850 Royal King 1Gb 256Bit;gen3;GDDR5;1;256;130;3805;2010000;3.175324212
Club 3D;radeon;HD 7970 Super OC 3Gb 384Bit;gen3;GDDR5;3;384;250;5247;2750000;4.057942043
Club 3D;radeon;R7 250 1Gb 128Bit;gen3;GDDR5;1;128;75;1409;1100000;1.741643746
Club 3D;radeon;R9 280 Royal Queen 3Gb 384Bit;gen3;GDDR5;3;384;200;5546;2700000;4.2200344
Club 3D;radeon;R9 280X Royal Queen 3Gb 384Bit;gen3;GDDR5;3;384;250;5790;2800000;4.366788861
Club 3D;radeon;R9 285 Royal Queen 2Gb 256Bit;gen3;GDDR5;2;256;190;5546;3030000;4.253967562
Club 3D;radeon;R9 290 Royal King 4Gb 512Bit;gen3;GDDR5;4;512;300;7023;4100000;5.190094411
Digital Alliance;radeon;R7 240 2Gb 128Bit;gen3;GDDR5;2;128;30;962;825000;1.463354459
Digital Alliance;radeon;RX 460 2GB 128Bit;gen3;GDDR5;2;128;75;4287;1565000;3.399153366
Digital Alliance;radeon;RX 460 4GB 128Bit;gen3;GDDR5;4;128;75;4287;1765000;3.419718919
Digital Alliance;radeon;RX 470 4GB 256Bit;gen3;GDDR5;4;256;120;7327;2920000;5.238787946
Digital Alliance;radeon;RX 480 8Gb 256Bit;gen3;GDDR5;8;256;150;8009;3820000;5.712782478
Gigabyte;radeon;R7 240 OC 2GB 128Bit (GV-R724OC-2GI);gen3;GDDR3;2;128;30;962;884000;1.469421297
Gigabyte;radeon;R7 360 2GB 128Bit (GV-R736OC-2GD);gen3;GDDR5;2;128;100;3237;1608000;2.816299267
Gigabyte;radeon;R7 370 2Gb 256Bit (GV-R737WF2OC-2GD);gen3;GDDR5;2;256;110;4616;2110000;3.639207548
Gigabyte;radeon;R9 285 2Gb 256Bit GV-R9285WF2OC-2GD;gen3;GDDR5;2;256;190;5546;3785000;4.331602523
Gigabyte;radeon;R9 380 4GB 2x256BIT (GV-R938G1 GAMING-4GD);gen3;GDDR5;4;256;190;5948;3565000;4.533823109
Gigabyte;radeon;RX 460 WINDFORCE OC 2GB 128Bit (GV-RX460WF2OC-2GD);gen3;GDDR5;2;128;75;4287;1733000;3.416428431
Gigabyte;radeon;RX 460 WINDFORCE OC 4GB 128Bit (GV-RX460WF2OC-4GD);gen3;GDDR5;4;128;75;4287;1927000;3.436377017
Gigabyte;radeon;RX 470 G1 Gaming 4GB 256Bit (GV-RX470G1 GAMING-4GD);gen3;GDDR5;4;256;120;7327;3230000;5.270664552
Gigabyte;radeon;RX 480 G1 Gaming 4GB (GV-RX480G1 Gaming 4GD);gen3;GDDR5;4;256;150;8009;3835000;5.714324895
Gigabyte;radeon;RX 480 G1 Gaming 8GB (GV-RX480G1 Gaming 8GD);gen3;GDDR5;8;256;150;8009;4260000;5.758026694
HIS;radeon;6570 Fan 2GB;gen3;GDDR3;2;128;60;759;620000;1.3287348
HIS;radeon;R7 240 iCooler 2GB 128Bit;gen3;GDDR3;2;128;30;962;735000;1.454099961
HIS;radeon;R7 240 iCooler 2GB 128Bit;gen3;GDDR5;2;128;30;962;805000;1.461297904
HIS;radeon;R9 270X IceQ X² Boost Clock 2GB;gen3;GDDR5;2;256;180;4642;2005000;3.642952698
HIS;radeon;RX 460 iCooler OC 2GB 128Bit;gen3;GDDR5;2;128;75;4287;1480000;3.390413006
HIS;radeon;RX 470 IceQ X2 Turbo 4GB 256Bit;gen3;GDDR5;4;256;120;7327;2790000;5.225420336
HIS;radeon;RX 480 IceQ X2 OC 4GB 256Bit;gen3;GDDR5;4;256;150;8009;3150000;5.643887877
HIS;radeon;R7 250 IceQ Boost Clock 1GB;gen3;GDDR3;1;128;75;1409;910000;1.722106471
HIS;radeon;R7 250 iCooler Boost Clock 2GB;gen3;GDDR5;2;128;75;1409;990000;1.730332693
HIS;radeon;R7 250 Twin Fan 2GB D5 LP;gen3;GDDR3;2;128;75;1409;1010000;1.732389248
HIS;radeon;R7 250X iCooler 1GB;gen3;GDDR5;1;128;75;1409;1025000;1.733931664
HIS;radeon;R7 360 ICOOLER OC 2GB;gen3;GDDR5;2;128;100;3237;1450000;2.80005248
HIS;radeon;RX 460 iCooler OC 4G;gen3;GDDR5;4;128;75;4287;1780000;3.421261336
HIS;radeon;RX 480 IceQ X2 OC 8GB 256Bit;gen3;GDDR5;8;256;150;8009;3690000;5.699414869
MSI;radeon;HD 5450 1Gb 64Bit R5450-MD1GD3H/LP;gen3;GDDR3;1;64;11;231;450000;1.015938303
MSI;radeon;HD 7730 2Gb 128Bit;gen3;GDDR5;2;128;47;1391;891000;1.710085161
MSI;radeon;R7 240 2Gb 128Bit;gen3;GDDR5;2;128;30;962;891000;1.470141092
MSI;radeon;R7 240 LP 2Gb 128Bit;gen3;GDDR3;2;128;30;962;842000;1.465102531
MSI;radeon;R7 250 1GD5/OC 1Gb 128Bit;gen3;GDDR5;1;128;75;1409;1234000;1.755422667
MSI;radeon;R7 360 OC 2Gb;gen3;GDDR5;2;128;100;3237;1500000;2.805193868
MSI;radeon;R7 370 2GD5T OC 2Gb;gen3;GDDR5;2;256;110;4616;1969000;3.624708833
MSI;radeon;R7 370 Gaming 2Gb;gen3;GDDR5;2;256;110;4616;2263000;3.654940196
MSI;radeon;R7 370 Gaming 4Gb;gen3;GDDR5;4;256;110;4616;2655000;3.695248679
MSI;radeon;R9 380 2GD5T OC 2Gb;gen3;GDDR5;2;256;190;5948;2753000;4.450326965
MSI;radeon;R9 380 Gaming 4Gb;gen3;GDDR5;4;256;190;5948;3439000;4.520866811
MSI;radeon;R9 390 Gaming 8Gb;gen3;GDDR5;8;512;275;7861;4947000;5.745891461
MSI;radeon;RX 460 2Gb OC;gen3;GDDR5;2;128;75;4287;1589000;3.401621233
MSI;radeon;RX 460 2GT LP;gen3;GDDR5;2;128;75;4287;1589000;3.401621233
MSI;radeon;RX 460 4GB OC;gen3;GDDR5;4;128;75;4287;1890000;3.43257239
MSI;radeon;RX 470 4GB - Armor 4G OC;gen3;GDDR5;4;256;120;7327;2975000;5.244443473
MSI;radeon;RX 470 4GB - Gaming X;gen3;GDDR5;4;256;120;7327;3375000;5.285574578
MSI;radeon;RX 470 8GB - Armor 8G OC;gen3;GDDR5;8;256;120;7327;3299000;5.277759668
MSI;radeon;RX 470 8GB - Gaming X;gen3;GDDR5;8;256;120;7327;3699000;5.318890773
MSI;radeon;RX 480 4GB - Armor 4G OC;gen3;GDDR5;4;256;150;8009;3489000;5.678746489
MSI;radeon;RX 480 8GB - Armor 8G OC;gen3;GDDR5;8;256;150;8009;4075000;5.739003558
MSI;radeon;RX 480 8GB - Gaming X;gen3;GDDR5;8;256;150;8009;4470000;5.779620525
MSI;radeon;RX 480 GAMING X 4GB;gen3;GDDR5;4;256;150;8009;3689000;5.699312041
MSI;radeon;X 470 8GB - Armor;gen3;GDDR5;8;256;120;7327;3775000;5.326705683
PowerColor;radeon;HD 5450 1Gb 64Bit;gen3;GDDR3;1;64;11;231;360000;1.006683805
PowerColor;radeon;HD 6570 1Gb 128Bit;gen3;GDDR3;1;128;60;759;495000;1.31588133
PowerColor;radeon;HD 6570 1Gb 128Bit;gen3;GDDR5;1;128;60;759;665000;1.33336205
PowerColor;radeon;HD 6570 2Gb 128Bit;gen3;GDDR3;2;128;60;759;588000;1.325444312
PowerColor;radeon;R7 240 1Gb 128Bit;gen3;GDDR5;1;128;30;962;665000;1.446902017
PowerColor;radeon;R7 240 2Gb 128Bit;gen3;GDDR3;2;128;30;962;638000;1.444125667
PowerColor;radeon;R7 240 2GB 128Bit;gen3;GDDR5;2;128;30;962;750000;1.455642377
PowerColor;radeon;R7 250 2Gb 128Bit;gen3;GDDR5;2;128;75;1409;825000;1.713366112
PowerColor;radeon;R7 360 2GB 128BIT OC;gen3;GDDR5;2;128;100;3237;1268000;2.781337827
PowerColor;radeon;R7 370 2GB 256Bit Dual Fan;gen3;GDDR5;2;256;110;4616;1375000;3.563629142
PowerColor;radeon;R7 370 2GB 256Bit Founder Single Fan;gen3;GDDR5;2;256;110;4616;1390000;3.565171558
PowerColor;radeon;R7 370 2GB 256Bit PCS+ Dual Fan;gen3;GDDR5;2;256;110;4616;1515000;3.578025029
PowerColor;radeon;R7 370 2GB 256Bit Single Fan;gen3;GDDR5;2;256;110;4616;1360000;3.562086725
PowerColor;radeon;R9 380 4GB 256Bit PCS+;gen3;GDDR5;4;256;190;5948;1815000;4.353874523
PowerColor;radeon;R9 380X 4GB 256Bit PCS+;gen3;GDDR5;4;256;190;6032;2010000;4.420907992
PowerColor;radeon;R9 390 8GB PCS+;gen3;GDDR5;8;512;275;7861;3978000;5.646251358
PowerColor;radeon;R9 390X 8GB 512Bit PCS+;gen3;GDDR5;8;512;275;8420;4544000;6.017106265
PowerColor;radeon;R9 390X DEVIL HYBRID 8GB 512Bit;gen3;GDDR5;8;512;275;8420;5445000;6.10975408
PowerColor;radeon;R9 480 8GB Reference Board;gen3;GDDR5;8;256;150;8009;3610000;5.691188648
PowerColor;radeon;R9 Fury x 4GB 4096BIT;gen3;GDDR5;4;4096;175;8360;8725000;6.413470533
PowerColor;radeon;RX 460 2GB Red Dragon 1 Fan;gen3;GDDR5;2;128;75;4287;1358000;3.377868019
PowerColor;radeon;RX 460 2GB Red Dragon 2 Fan;gen3;GDDR5;2;128;75;4287;1398000;3.38198113
PowerColor;radeon;RX 460 4GB Red Dragon 1 Fan;gen3;GDDR5;4;128;75;4287;1645000;3.407379587
PowerColor;radeon;RX 460 4GB Red Dragon 2 Fan;gen3;GDDR5;4;128;75;4287;1718000;3.414886014
PowerColor;radeon;RX 470 Red Devil 4GB;gen3;GDDR5;4;256;120;7327;2718000;5.218016737
PowerColor;radeon;RX 470 Red Dragon 4GB;gen3;GDDR5;4;256;120;7327;2628000;5.208762239
PowerColor;radeon;RX 480 RED DEVIL 8GB 256Bit;gen3;GDDR5;8;256;150;8009;3715000;5.701985563
PowerColor;radeon;RX 480 Red Dragon 4GB;gen3;GDDR5;4;256;150;8009;2925000;5.62075163
PowerColor;radeon;RX 480 RED DRAGON 8GB;gen3;GDDR5;8;256;150;8009;3515000;5.68142001
PowerColor;radeon;RX 480 Reference 8GB 256Bit;gen3;GDDR5;8;256;150;8009;3473000;5.677101244
Sapphire;radeon;HD 5450 1Gb 64Bit;gen3;GDDR3;1;64;11;231;367000;1.007403599
Sapphire;radeon;HD 7730 2Gb 128Bit;gen3;GDDR5;2;128;47;1391;750000;1.695586446
Sapphire;radeon;NITRO R7 370 2Gb 256Bit OC VERSION;gen3;GDDR5;2;256;110;4616;1970000;3.624811661
Sapphire;radeon;NITRO R7 370 DUAL-X OC 4Gb 256Bit;gen3;GDDR5;4;256;110;4616;2377000;3.666662561
Sapphire;radeon;NITRO R9 380 DUAL-X OC VERSION 4Gb 256Bit;gen3;GDDR5;4;256;190;5948;2930000;4.468527479
Sapphire;radeon;NITRO R9 380X DUAL-X OC 4Gb 256Bit;gen3;GDDR5;4;256;190;6032;3230000;4.546357864
Sapphire;radeon;NITRO R9 390 TRI-X OC VERSION 8Gb 512Bit;gen3;GDDR5;8;512;275;7861;4357000;5.68522308
Sapphire;radeon;R7 240 1G;gen3;GDDR5;1;128;30;962;740000;1.454614099
Sapphire;radeon;R7 240 2GB;gen3;GDDR3;2;128;30;962;731000;1.453688649
Sapphire;radeon;R7 240 2GB;gen3;GDDR3;2;128;30;962;731000;1.453688649
Sapphire;radeon;R7 240 2GB;gen3;GDDR5;2;128;30;962;798000;1.46057811
Sapphire;radeon;R7 240 2GB;gen3;GDDR5;2;128;30;962;770000;1.457698932
Sapphire;radeon;R7 240 4GB;gen3;GDDR3;4;128;30;962;888000;1.469832608
Sapphire;radeon;R7 250 2GB;gen3;GDDR5;2;128;75;1409;1010000;1.732389248
Sapphire;radeon;R7 250 2GB;gen3;GDDR5;2;128;75;1409;1107000;1.742363541
Sapphire;radeon;R7 260X OC Version 2Gb 128Bit;gen3;GDDR5;2;128;115;3018;1648000;2.697923447
Sapphire;radeon;R7 360 2GB NITRO OC;gen3;GDDR5;2;128;100;3237;1298000;2.78442266
Sapphire;radeon;R7 370 2G Nitro OC VERSION;gen3;GDDR5;2;256;110;4616;1730000;3.600132998
Sapphire;radeon;R7 370 DUAL-X OC VERSION 2Gb 256Bit;gen3;GDDR5;2;256;110;4616;2027000;3.630672844
Sapphire;radeon;R9 270X DUAL-X WITH BOOST and OC VERSION;gen3;GDDR5;2;256;180;4642;2545000;3.69847969
Sapphire;radeon;R9 270X TOXIC WITH BOOST 2Gb 256Bit;gen3;GDDR5;2;256;180;4642;2855000;3.730356297
Sapphire;radeon;R9 270X VAPOR-X 2Gb 256Bit;gen3;GDDR5;2;256;180;4642;2767000;3.721307453
Sapphire;radeon;R9 285 Dual-X OC Version 2Gb 256Bit;gen3;GDDR5;2;256;190;5546;3255000;4.277103808
Sapphire;radeon;R9 290X VAPOR-X 8Gb 512Bit TRI-X;gen3;GDDR5;8;512;300;7303;6505000;5.594002033
Sapphire;radeon;R9 390X TRI-X OC VERSION 8Gb 512Bit;gen3;GDDR5;8;512;275;8420;5687000;6.134638398
Sapphire;radeon;R9 FURY 4G HBM TRI-X (UEFI);gen3;GDDR5;4;4096;175;8360;7287000;6.265604209
Sapphire;radeon;R9 FURY X 4G;gen3;GDDR5;4;4096;175;8360;8587000;6.399280302
Sapphire;radeon;R9 NANO 4G HBM;gen3;GDDR5;4;4096;175;8360;6746000;6.209974389
Sapphire;radeon;RX 460 2Gb OC;gen3;GDDR5;2;128;75;4287;1370000;3.379101952
Sapphire;radeon;RX 460 2Gb OC Dual Fan;gen3;GDDR5;2;128;75;4287;1440000;3.386299896
Sapphire;radeon;RX 460 2Gb OC Dual Fan;gen3;GDDR5;2;128;75;4287;1440000;3.386299896
Sapphire;radeon;RX 460 2GB OC Single;gen3;GDDR5;2;128;75;4287;1370000;3.379101952
Sapphire;radeon;RX 460 4Gb Nitro;gen3;GDDR5;4;128;75;4287;1837000;3.427122518
Sapphire;radeon;RX 460 4GB OC;gen3;GDDR5;4;128;75;4287;1675000;3.41046442
Sapphire;radeon;RX 470 4G NITRO OC;gen3;GDDR5;4;256;120;7327;2634000;5.209379205
Sapphire;radeon;RX 470 4G NITRO+ OC;gen3;GDDR5;4;256;120;7327;2728000;5.219045015
Sapphire;radeon;RX 470 4Gb Nitro;gen3;GDDR5;4;256;120;7327;2670000;5.213081005
Sapphire;radeon;RX 470 4GB OC;gen3;GDDR5;4;256;120;7327;2532000;5.198890773
Sapphire;radeon;RX 470 8Gb Nitro;gen3;GDDR5;8;256;120;7327;3174000;5.264906198
Sapphire;radeon;RX 470 8GB NITRO+ OC;gen3;GDDR5;8;256;120;7327;3142000;5.261615709
Sapphire;radeon;RX 480 4GB NITRO OC;gen3;GDDR5;4;256;150;8009;2955000;5.623836463
Sapphire;radeon;RX 480 4GB NITRO+ OC;gen3;GDDR5;4;256;150;8009;3058000;5.634427723
Sapphire;radeon;RX 480 8G D5 NITRO+ OC;gen3;GDDR5;8;256;150;8009;3525000;5.682448288
Sapphire;radeon;Nitro+ Radeon RX 480 4G DUAL;gen3;GDDR5;4;256;150;8009;2980000;5.626407157
Sapphire;radeon;NITRO+ RADEON RX 480 4G DUAL OC;gen3;GDDR5;4;256;150;8009;3080000;5.636689933
Sapphire;radeon;NITRO+ RADEON RX 480 8G DUAL;gen3;GDDR5;8;256;150;8009;3526000;5.682551116
Sapphire;radeon;NITRO+ RADEON RX 480 8G DUAL OC;gen3;GDDR5;8;256;150;8009;3660000;5.696330036
XFX;radeon;R7 370 2GB Black Edition Dual Fan - R7-370P-2DBS;gen3;GDDR5;2;256;110;4616;1950000;3.622755106
XFX;radeon;R9 Fury 4GB Triple Fan R9-FURY-4TF9;gen3;GDDR5;4;4096;175;8360;7700000;6.308072075
XFX;radeon;RX 460 2GB - Single Fan - TRUE OC 1220MHZ - RX-460P2SFG5;gen3;GDDR5;2;128;75;4287;1390000;3.381158508
XFX;radeon;RX 460 4GB - Dual Fan - TRUE OC 1220MHZ - RX-460P4DFG5;gen3;GDDR5;4;128;75;4287;1680000;3.410978559
XFX;radeon;RX 470 4GB - Single Fan;gen3;GDDR5;4;256;120;7327;2550000;5.200741673
XFX;radeon;RX 470 4GB - Triple X Edition - TRUE OC 1226MHZ - Dual Fan - RX-470P4LFA6;gen3;GDDR5;4;256;120;7327;2650000;5.211024449
XFX;radeon;RX 480 4GB - Dual Fan;gen3;GDDR5;4;256;150;8009;2990000;5.627435435
XFX;radeon;RX 480 8GB - Black Edition - TRUE OC 1338MHZ - Dual Fan - RX-480P8DBA6;gen3;GDDR5;8;256;150;8009;3690000;5.699414869
XFX;radeon;RX 480 8GB - Triple X Edition - TRUE OC 1288MHZ - Dual Fan - RX-480P8LFB6;gen3;GDDR5;8;256;150;8009;3580000;5.688103815
