ASRock;B150 Gaming K4;lga1151;b150;ddr4;gen3;sata3;m;1647000;2.137546468
ASRock;B150M PRO4;lga1151;b150;ddr4;gen3;sata3;n;1205000;1.689422102
ASRock;B250 Gaming K4;lga1151;b250;ddr4;gen3;sata3;m;1775000;2.267320041
ASRock;B250M Performance;lga1151;b250;ddr4;gen3;sata3;n;1598000;2.087867523
ASRock;B250M Pro4;lga1151;b250;ddr4;gen3;sata3;n;1445000;1.93274755
ASRock;E3V5 WS;lga1151;C232;ddr4;gen3;sata3;m;1850000;2.343359243
ASRock;Fatal1ty Z170 GAMING K6;lga1151;z170;ddr4;gen3;sata3;m;2910000;3.418046637
ASRock;Fatal1ty Z170 GAMING K6+;lga1151;z170;ddr4;gen3;sata3;m;3200000;3.712064887
ASRock;H110M-DVS R3.0;lga1151;h110;ddr4;gen3;sata3;n;830000;1.30922609
ASRock;H110M-HDV;lga1151;h110;ddr4;gen3;sata3;n;910000;1.390334572
ASRock;H170 Performance;lga1151;h170;ddr4;gen3;sata3;m;1920000;2.414329165
ASRock;H270 Performance;lga1151;h270;ddr4;gen3;sata3;m;2020000;2.515714769
ASRock;Z170 Extreme 7+;lga1151;z170;ddr4;gen3;sata3;m;4135000;4.660020277
ASRock;Z170 EXTREME4;lga1151;z170;ddr4;gen3;sata3;m;2583000;3.086515715
ASRock;Z170 OC FORMULA;lga1151;z170;ddr4;gen3;sata3;m;4465000;4.994592768
ASRock;Z170 PRO 4;lga1151;z170;ddr4;gen3;sata3;m;2020000;2.515714769
ASRock;Z270 Extreme4;lga1151;z270;ddr4;gen3;sata3;m;2655000;3.159513349
ASRock;Z270 Gaming K4;lga1151;z270;ddr4;gen3;sata3;m;2590000;3.093612707
ASRock;Z270 Gaming K6;lga1151;z270;ddr4;gen3;sata3;m;3215000;3.727272727
ASRock;Z270 Taichi;lga1151;z270;ddr4;gen3;sata3;m;3820000;4.340655627
Asus;B150 Pro Gaming DDR3;lga1151;b150;ddr4;gen3;sata3;m;1200000;1.684352822
Asus;B150 Pro Gaming DDR4;lga1151;b150;ddr4;gen3;sata3;m;1985000;2.480229807
Asus;B150 Pro Gaming/AURA;lga1151;b150;ddr4;gen3;sata3;m;2165000;2.662723893
Asus;B150I PRO GAMING/WIFI/AURA;lga1151;b150;ddr4;gen3;sata3;m;2219000;2.717472119
Asus;B150M PLUS;lga1151;b150;ddr4;gen3;sata3;n;1478000;1.966204799
Asus;B150M-A D3;lga1151;b150;ddr4;gen3;sata3;n;900000;1.380196012
Asus;B150M-A D4;lga1151;b150;ddr4;gen3;sata3;n;1550000;2.039202433
Asus;B150M-Pro Gaming;lga1151;b150;ddr4;gen3;sata3;n;1560000;2.049340994
Asus;E3 Pro Gaming V5;lga1151;C232;ddr4;gen3;sata3;m;2255000;2.753970936
Asus;E3M-ET V5 DDR4;lga1151;C232;ddr4;gen3;sata3;n;1598000;2.087867523
Asus;EX-B150M-V5;lga1151;b150;ddr4;gen3;sata3;n;1248000;1.733017911
Asus;H110M-A D3;lga1151;h110;ddr4;gen3;sata3;n;835000;1.31429537
Asus;H110M-A/M2 D4;lga1151;h110;ddr4;gen3;sata3;n;1065000;1.547482258
Asus;H110M-C D3;lga1151;h110;ddr4;gen3;sata3;n;897000;1.377154444
Asus;H110M-D D3;lga1151;h110;ddr4;gen3;sata3;n;945000;1.425819534
Asus;H110M-D D4;lga1151;h110;ddr4;gen3;sata3;n;975000;1.456235215
Asus;H110M-E D3;lga1151;h110;ddr4;gen3;sata3;n;833000;1.312267658
Asus;H110M-E D4;lga1151;h110;ddr4;gen3;sata3;n;968000;1.449138222
Asus;H170 Plus D3;lga1151;h170;ddr4;gen3;sata3;m;990000;1.471443055
Asus;H170-Pro Gaming;lga1151;h170;ddr4;gen3;sata3;m;2260000;2.759040216
Asus;H170-PRO/USB 3.1;lga1151;h170;ddr4;gen3;sata3;m;2010000;2.505576208
Asus;H170M PLUS D4;lga1151;h170;ddr4;gen3;sata3;n;1690000;2.181142278
Asus;H170M-E D3;lga1151;h170;ddr4;gen3;sata3;n;973000;1.454207503
Asus;Maximus VIII Extreme;lga1151;Z170;ddr4;gen3;sata3;m;7880000;8.456911119
Asus;Maximus VIII Formula;lga1151;Z170;ddr4;gen3;sata3;m;4860000;5.395065901
Asus;Maximus VIII Gene;lga1151;Z170;ddr4;gen3;sata3;m;3885000;4.406556269
Asus;Maximus VIII Hero;lga1151;Z170;ddr4;gen3;sata3;m;3905000;4.42683339
Asus;Maximus VIII Hero Alpha;lga1151;Z170;ddr4;gen3;sata3;m;4565000;5.095978371
Asus;Maximus VIII Impact;lga1151;Z170;ddr4;gen3;sata3;m;4155000;4.680297398
Asus;Maximus VIII Ranger;lga1151;Z170;ddr4;gen3;sata3;m;3830000;4.350794187
Asus;PRIME B250M-A;lga1151;b250;ddr4;gen3;sata3;n;1855000;2.348428523
Asus;PRIME B250M-K;lga1151;b250;ddr4;gen3;sata3;n;1770000;2.26225076
Asus;PRIME B250M-Plus;lga1151;b250;ddr4;gen3;sata3;n;1995000;2.490368368
Asus;PRIME H270 Pro;lga1151;h270;ddr4;gen3;sata3;m;2400000;2.900980061
Asus;PRIME H270-PLUS;lga1151;h270;ddr4;gen3;sata3;m;2255000;2.753970936
Asus;PRIME H270M-Plus;lga1151;h270;ddr4;gen3;sata3;n;2270000;2.769178777
Asus;PRIME Z270-A;lga1151;z270;ddr4;gen3;sata3;m;3275000;3.788104089
Asus;PRIME Z270-A Aura Sin;lga1151;z270;ddr4;gen3;sata3;m;3300000;3.81345049
Asus;PRIME Z270-K;lga1151;z270;ddr4;gen3;sata3;m;2825000;3.331868875
Asus;PRIME Z270-P;lga1151;z270;ddr4;gen3;sata3;m;2675000;3.17979047
Asus;ROG Maximus IX Apex Sin;lga1151;z270;ddr4;gen3;sata3;m;5000000;5.537005745
Asus;ROG Maximus IX Code;lga1151;z270;ddr4;gen3;sata3;m;5275000;5.815816154
Asus;ROG Maximus IX Code Aura Sin;lga1151;z270;ddr4;gen3;sata3;m;5200000;5.739776952
Asus;ROG Strix Z270G Gaming;lga1151;z270;ddr4;gen3;sata3;m;3885000;4.406556269
Asus;ROG Strix Z270G Gaming Aura Sin;lga1151;z270;ddr4;gen3;sata3;m;3900000;4.421764109
Asus;ROG Strix Z270H Gaming;lga1151;z270;ddr4;gen3;sata3;m;3175000;3.686718486
Asus;Sabertooth Z170 Mark 1;lga1151;z170;ddr4;gen3;sata3;m;3845000;4.366002028
Asus;Sabertooth Z170 S;lga1151;z170;ddr4;gen3;sata3;m;3675000;4.193646502
Asus;Strix B250F Gaming;lga1151;b250;ddr4;gen3;sata3;m;2475000;2.977019263
Asus;Strix H270F Gaming;lga1151;h270;ddr4;gen3;sata3;m;2725000;3.230483271
Asus;TUF Z270 Mark 1;lga1151;z270;ddr4;gen3;sata3;m;4185000;4.710713079
Asus;Z170 Pro-Gaming;lga1151;z170;ddr4;gen3;sata3;m;2830000;3.336938155
Asus;Z170 Pro-Gaming Aura;lga1151;z170;ddr4;gen3;sata3;m;2960000;3.468739439
Asus;Z170-A;lga1151;z170;ddr4;gen3;sata3;m;2895000;3.402838797
Asus;Z170-Deluxe;lga1151;z170;ddr4;gen3;sata3;m;5100000;5.638391348
Asus;Z170-K;lga1151;z170;ddr4;gen3;sata3;m;2465000;2.966880703
Asus;Z170-P;lga1151;z170;ddr4;gen3;sata3;m;2358000;2.858398107
Asus;Z170-P D3;lga1151;z170;ddr4;gen3;sata3;m;2258000;2.757012504
Asus;Z170-PRO;lga1151;z170;ddr4;gen3;sata3;m;3165000;3.676579926
Asus;Z170I Pro-Gaming;lga1151;z170;ddr4;gen3;sata3;m;3057000;3.567083474
Asus;Z170M-E D3;lga1151;z170;ddr4;gen3;sata3;n;1275000;1.760392024
Asus;Z170M-Plus;lga1151;z170;ddr4;gen3;sata3;n;2085000;2.581615411
Biostar;H110MD PRO (ANTI PETIR);lga1151;h110;ddr4;gen3;sata3;n;822000;1.301115242
Biostar;H110MG PRO D4;lga1151;h110;ddr4;gen3;sata3;n;823000;1.302129098
Biostar;H110MH PRO D4 (ANTI PETIR);lga1151;h110;ddr4;gen3;sata3;n;835000;1.31429537
Biostar;H110MHV3;lga1151;h110;ddr4;gen3;sata3;n;780000;1.258533288
Biostar;HiFI B150S1 D4;lga1151;b150;ddr4;gen3;sata3;m;1012000;1.493747888
Biostar;HiFI GAMING Z170T + N10;lga1151;z170;ddr4;gen3;sata3;m;2022000;2.517742481
Biostar;HiFI GAMING Z170X;lga1151;z170;ddr4;gen3;sata3;m;2837000;3.344035147
Biostar;HiFI GAMING H170Z3 (combo) DDR3/DDR4;lga1151;h170;ddr4;gen3;sata3;m;1568000;2.057451842
Biostar;HIFI H170S3H;lga1151;h170;ddr4;gen3;sata3;m;1257000;1.742142616
Biostar;RACING B150GTN DDR4;lga1151;b150;ddr4;gen3;sata3;m;1342000;1.828320379
Biostar;RACING P1 QUAD Core;lga1151;Z8350 ;ddr4;gen3;sata3;m;1840000;2.333220683
Biostar;RACING Z170GTN;lga1151;z170;ddr4;gen3;sata3;m;1671000;2.161879013
Biostar;RACING B150GT5 (LED DJ);lga1151;b150;ddr4;gen3;sata3;m;1455000;1.94288611
Biostar;RACING B250GT3;lga1151;b250;ddr4;gen3;sata3;m;1220000;1.704629943
Biostar;RACING B250GT5;lga1151;b250;ddr4;gen3;sata3;m;1482000;1.970260223
Biostar;RACING Z170GT7 (LED DJ);lga1151;z170;ddr4;gen3;sata3;m;2390000;2.890841501
Biostar;RACING Z270GT4;lga1151;z270;ddr4;gen3;sata3;m;1757000;2.249070632
Biostar;RACING Z270GT6;lga1151;z270;ddr4;gen3;sata3;m;1917000;2.411287597
Biostar;RACING Z270GT8;lga1151;z270;ddr4;gen3;sata3;m;3330000;3.843866171
Colorful;C.H110M-D PLUS V22;lga1151;h110;ddr4;gen3;sata3;n;705000;1.182494086
ECS;ECS H110M4-C2H DDR4;lga1151;h110;ddr4;gen3;sata3;n;880000;1.359918892
ECS;ECS Z170-CLAYMORE;lga1151;z170;ddr4;gen3;sata3;m;2140000;2.637377492
Gigabyte;G1.Sniper B7 DDR4;lga1151;b150;ddr4;gen3;sata3;m;1705000;2.196350118
Gigabyte;GA-B150M-DS3H;lga1151;b150;ddr4;gen3;sata3;n;1380000;1.866846908
Gigabyte;GA-B150M-HD3 DDR4;lga1151;b150;ddr4;gen3;sata3;n;1335000;1.821223386
Gigabyte;GA-B250M-DS3H;lga1151;b250;ddr4;gen3;sata3;n;1700000;2.191280838
Gigabyte;GA-H110M-DS2 DDR4;lga1151;h110;ddr4;gen3;sata3;n;942000;1.422777966
Gigabyte;GA-H110M-Gaming 3;lga1151;h110;ddr4;gen3;sata3;n;1073000;1.555593106
Gigabyte;GA-H110M-H DDR4;lga1151;h110;ddr4;gen3;sata3;n;995000;1.476512335
Gigabyte;GA-H110M-S2PH DDR4;lga1151;h110;ddr4;gen3;sata3;n;1070000;1.552551538
Gigabyte;GA-H170-Gaming 3;lga1151;h170;ddr4;gen3;sata3;m;2255000;2.753970936
Gigabyte;GA-H170-HD3;lga1151;h170;ddr4;gen3;sata3;m;2005000;2.500506928
Gigabyte;GA-H170M-D3H;lga1151;h170;ddr4;gen3;sata3;n;1830000;2.323082122
Gigabyte;GA-H270-Gaming 3;lga1151;h270;ddr4;gen3;sata3;m;2475000;2.977019263
Gigabyte;GA-H270-HD3;lga1151;h270;ddr4;gen3;sata3;m;2360000;2.86042582
Gigabyte;GA-H270M-DS3H;lga1151;h270;ddr4;gen3;sata3;n;2185000;2.683001014
Gigabyte;GA-X150-PLUS WS;lga1151;C232;ddr4;gen3;sata3;m;1991000;2.486312944
Gigabyte;GA-X170-WS ECC;lga1151;C236;ddr4;gen3;sata3;m;3380000;3.894558973
Gigabyte;GA-Z170-HD3 DDR4;lga1151;z170;ddr4;gen3;sata3;m;2250000;2.748901656
Gigabyte;GA-Z170M-D3H;lga1151;z170;ddr4;gen3;sata3;n;2195000;2.693139574
Gigabyte;GA-Z170MX-Gaming 5;lga1151;z170;ddr4;gen3;sata3;n;3225000;3.737411288
Gigabyte;GA-Z170N-Gaming 5;lga1151;z170;ddr4;gen3;sata3;m;2975000;3.483947279
Gigabyte;GA-Z170X-Gaming 3;lga1151;z170;ddr4;gen3;sata3;m;2910000;3.418046637
Gigabyte;GA-Z170X-Gaming 5;lga1151;z170;ddr4;gen3;sata3;m;3265000;3.777965529
Gigabyte;GA-Z170X-Gaming 7;lga1151;z170;ddr4;gen3;sata3;m;3930000;4.45217979
Gigabyte;GA-Z170X-UD3;lga1151;z170;ddr4;gen3;sata3;m;3080000;3.590402163
Gigabyte;GA-Z170X-UD5;lga1151;z170;ddr4;gen3;sata3;m;3575000;4.092260899
Gigabyte;GA-Z170X-Ultra Gaming;lga1151;z170;ddr4;gen3;sata3;m;3600000;4.1176073
Gigabyte;GA-Z270-HD3;lga1151;z270;ddr4;gen3;sata3;m;2805000;3.311591754
Gigabyte;GA-Z270-Phoenix Gaming;lga1151;z270;ddr4;gen3;sata3;m;2940000;3.448462318
Gigabyte;GA-Z270M-D3H;lga1151;z270;ddr4;gen3;sata3;n;2475000;2.977019263
Gigabyte;GA-Z270X-Gaming 5;lga1151;z270;ddr4;gen3;sata3;m;3710000;4.229131463
Gigabyte;GA-Z270X-Gaming 7;lga1151;z270;ddr4;gen3;sata3;m;4260000;4.786752281
Gigabyte;GA-Z270X-Gaming 8;lga1151;z270;ddr4;gen3;sata3;m;7350000;7.919567421
Gigabyte;GA-Z270X-Gaming 9;lga1151;z270;ddr4;gen3;sata3;m;8890000;9.480905711
Gigabyte;GA-Z270X-Gaming K5;lga1151;z270;ddr4;gen3;sata3;m;3270000;3.783034809
Gigabyte;GA-Z270X-UD3;lga1151;z270;ddr4;gen3;sata3;m;3080000;3.590402163
Gigabyte;GA-Z270X-UD5;lga1151;z270;ddr4;gen3;sata3;m;4345000;4.872930044
Gigabyte;GA-Z270X-Ultra Gaming;lga1151;z270;ddr4;gen3;sata3;m;3350000;3.864143292
Gigabyte;Gaming B8;lga1151;B250;ddr4;gen3;sata3;m;2140000;2.637377492
Gigabyte;GA-Z170X-SOC Force;lga1151;z170;ddr4;gen3;sata3;m;5280000;5.820885434
MSI;B150 Gaming M3;lga1151;b150;ddr4;gen3;sata3;m;1985000;2.480229807
MSI;B150A Gaming Pro;lga1151;b150;ddr4;gen3;sata3;m;1890000;2.383913484
MSI;B150I Gaming Pro (Mini ITX);lga1151;b150;ddr4;gen3;sata3;m;1787000;2.279486313
MSI;B150M Bazooka PLUS;lga1151;b150;ddr4;gen3;sata3;n;1538000;2.027036161
MSI;B150M GAMING PRO;lga1151;b150;ddr4;gen3;sata3;n;1538000;2.027036161
MSI;B150M Grenade;lga1151;b150;ddr4;gen3;sata3;n;1349000;1.835417371
MSI;B150M Mortar;lga1151;b150;ddr4;gen3;sata3;n;1589000;2.078742819
MSI;B150M Mortar Arctic;lga1151;b150;ddr4;gen3;sata3;n;1685000;2.176072998
MSI;B150M Night ELF;lga1151;b150;ddr4;gen3;sata3;n;1747000;2.238932072
MSI;B150M-PRO VD DDR3;lga1151;b150;ddr4;gen3;sata3;n;1176000;1.660020277
MSI;B150M-PRO VDH;lga1151;b150;ddr4;gen3;sata3;n;1286000;1.771544441
MSI;B150M-PRO VDH D3 DDR3;lga1151;b150;ddr4;gen3;sata3;n;1255000;1.740114904
MSI;B150M-PRO VH;lga1151;b150;ddr4;gen3;sata3;n;1176000;1.660020277
MSI;B250 Gaming M3;lga1151;b250;ddr4;gen3;sata3;m;2439000;2.940520446
MSI;B250 GAMING PRO CARBON;lga1151;b250;ddr4;gen3;sata3;m;2439000;2.940520446
MSI;B250 PC MATE;lga1151;b250;ddr4;gen3;sata3;m;1900000;2.394052045
MSI;B250I GAMING PRO AC;lga1151;b250;ddr4;gen3;sata3;m;2500000;3.002365664
MSI;B250I PRO;lga1151;b250;ddr4;gen3;sata3;m;1800000;2.292666441
MSI;B250M Bazooka;lga1151;b250;ddr4;gen3;sata3;n;1752000;2.244001352
MSI;B250M GAMING PRO;lga1151;b250;ddr4;gen3;sata3;n;1800000;2.292666441
MSI;B250M MORTAR;lga1151;b250;ddr4;gen3;sata3;n;1780000;2.272389321
MSI;B250M MORTAR ARCTIC;lga1151;b250;ddr4;gen3;sata3;n;1815000;2.307874282
MSI;B250M PRO-VD;lga1151;b250;ddr4;gen3;sata3;n;1600000;2.089895235
MSI;B250M Pro-VDH;lga1151;b250;ddr4;gen3;sata3;n;1694000;2.185197702
MSI;B250M Pro-VH;lga1151;b250;ddr4;gen3;sata3;n;1600000;2.089895235
MSI;E3 Krait Gaming V5;lga1151;C232;ddr4;gen3;sata3;m;2330000;2.830010139
MSI;H110I PRO (Mini ITX);lga1151;h110;ddr4;gen3;sata3;m;1245000;1.729976343
MSI;H110M Gaming;lga1151;h110;ddr4;gen3;sata3;n;1349000;1.835417371
MSI;H110M Grenade;lga1151;h110;ddr4;gen3;sata3;n;1195000;1.679283542
MSI;H110M-PRO VD DDR3 DVI;lga1151;h110;ddr4;gen3;sata3;n;875000;1.354849611
MSI;H110M-PRO VD PLUS DVI;lga1151;h110;ddr4;gen3;sata3;n;1020000;1.501858736
MSI;H110M-PRO VH HDMI;lga1151;h110;ddr4;gen3;sata3;n;1035000;1.517066577
MSI;H110M-PRO VH PLUS;lga1151;h110;ddr4;gen3;sata3;n;990000;1.471443055
MSI;H110M-PRO VHL;lga1151;h110;ddr4;gen3;sata3;n;1080000;1.562690098
MSI;H170 Gaming M3;lga1151;h170;ddr4;gen3;sata3;m;2132000;2.629266644
MSI;H170A Gaming Pro;lga1151;h170;ddr4;gen3;sata3;m;2083000;2.579587699
MSI;H170A-PC Mate;lga1151;h170;ddr4;gen3;sata3;m;1900000;2.394052045
MSI;H170M-PRO VDH;lga1151;h170;ddr4;gen3;sata3;n;1743000;2.234876648
MSI;H270 Gaming M3;lga1151;h270;ddr4;gen3;sata3;m;2642000;3.146333221
MSI;H270 GAMING PRO CARBON;lga1151;h270;ddr4;gen3;sata3;m;2642000;3.146333221
MSI;H270 PC MATE;lga1151;h270;ddr4;gen3;sata3;m;2280000;2.779317337
MSI;H270 TOMAHAWK ARCTIC;lga1151;h270;ddr4;gen3;sata3;m;2436000;2.937478878
MSI;H270I GAMING PRO AC;lga1151;h270;ddr4;gen3;sata3;m;2659000;3.163568773
MSI;H270M BAZOOKA;lga1151;h270;ddr4;gen3;sata3;n;2000000;2.495437648
MSI;H270M MORTAR ARCTIC;lga1151;h270;ddr4;gen3;sata3;n;2200000;2.698208854
MSI;Z170A G43 PLUS;lga1151;z170;ddr4;gen3;sata3;m;2326000;2.825954714
MSI;Z170A Gaming M3;lga1151;z170;ddr4;gen3;sata3;m;2675000;3.17979047
MSI;Z170A GAMING M5;lga1151;z170;ddr4;gen3;sata3;m;3280000;3.793173369
MSI;Z170A Gaming M7;lga1151;z170;ddr4;gen3;sata3;m;3762000;4.281851977
MSI;Z170A Gaming M9 ACK;lga1151;z170;ddr4;gen3;sata3;m;6230000;6.784048665
MSI;Z170A GAMING PRO CARBON;lga1151;z170;ddr4;gen3;sata3;m;2972000;3.480905711
MSI;Z170A KRAIT GAMING;lga1151;z170;ddr4;gen3;sata3;m;2725000;3.230483271
MSI;Z170A KRAIT GAMING 3X;lga1151;z170;ddr4;gen3;sata3;m;2725000;3.230483271
MSI;Z170A Krait Gaming R6 Siege;lga1151;z170;ddr4;gen3;sata3;m;3070000;3.580263603
MSI;Z170A MPower Gaming Titanium;lga1151;z170;ddr4;gen3;sata3;m;4453000;4.982426495
MSI;Z170A PC Mate;lga1151;z170;ddr4;gen3;sata3;m;2120000;2.617100372
MSI;Z170A PRO;lga1151;z170;ddr4;gen3;sata3;m;1915000;2.409259885
MSI;Z170A SLI PLUS;lga1151;z170;ddr4;gen3;sata3;m;2615000;3.118959108
MSI;Z170A Tomahawk;lga1151;z170;ddr4;gen3;sata3;m;2195000;2.693139574
MSI;Z170A Xpower Gaming Titanium;lga1151;z170;ddr4;gen3;sata3;m;4947000;5.483271375
MSI;Z170I Gaming Pro AC;lga1151;z170;ddr4;gen3;sata3;m;3465000;3.980736735
MSI;Z170M Mortar;lga1151;z170;ddr4;gen3;sata3;n;1984000;2.479215951
MSI;Z270 Gaming M3;lga1151;z270;ddr4;gen3;sata3;m;3354000;3.868198716
MSI;Z270 Gaming M5;lga1151;z270;ddr4;gen3;sata3;m;4066000;4.590064211
MSI;Z270 Gaming M7;lga1151;z270;ddr4;gen3;sata3;m;5081000;5.619128084
MSI;Z270 GAMING PRO CARBON;lga1151;z270;ddr4;gen3;sata3;m;3364000;3.878337276
MSI;Z270 KRAIT GAMING;lga1151;z270;ddr4;gen3;sata3;m;3253000;3.765799257
MSI;Z270 PC MATE;lga1151;z270;ddr4;gen3;sata3;m;2550000;3.053058466
MSI;Z270 SLI PLUS;lga1151;z270;ddr4;gen3;sata3;m;3067000;3.577222034
MSI;Z270 TOMAHAWK;lga1151;z270;ddr4;gen3;sata3;m;2642000;3.146333221
MSI;Z270 XPower Gaming Titanium;lga1151;z270;ddr4;gen3;sata3;m;6605000;7.164244677
MSI;Z270I GAMING PRO CARBON AC;lga1151;z270;ddr4;gen3;sata3;m;3680000;4.198715782
MSI;Z270M Mortar;lga1151;z270;ddr4;gen3;sata3;n;2435000;2.936465022
ASRock;H81 Pro BTC;lga1150;h81;ddr3;gen3;sata3;m;1050000;1.532274417
ASRock;H81 Pro BTC KIT;lga1150;h81;ddr3;gen3;sata3;m;2970000;3.478877999
ASRock;H81M-HDS;lga1150;h81;ddr3;gen3;sata3;n;804000;1.282865833
ASRock;H81M-VG4 R2.0;lga1150;h81;ddr3;gen3;sata3;n;685000;1.162216965
Asus;H81M-A;lga1150;h81;ddr3;gen3;sata3;n;850000;1.329503211
Asus;B85 Trooper;lga1150;b85;ddr3;gen3;sata3;m;1140000;1.62352146
Asus;B85-Pro Gamer;lga1150;b85;ddr3;gen3;sata3;m;1775000;2.267320041
Asus;B85M-GAMER;lga1150;b85;ddr3;gen3;sata3;n;1445000;1.93274755
Asus;EX-H110M-V;lga1151;h110;ddr3;gen3;sata3;n;960000;1.441027374
Asus;Gryphon Z97 Armor Edition;lga1150;z97;ddr3;gen3;sata3;m;2975000;3.483947279
Asus;H81M-C;lga1150;h81;ddr3;gen3;sata3;n;855000;1.334572491
Asus;H81M-D;lga1150;h81;ddr3;gen3;sata3;n;850000;1.329503211
Asus;H81M-E;lga1150;h81;ddr3;gen3;sata3;n;840000;1.31936465
Asus;H81M-K;lga1150;h81;ddr3;gen3;sata3;n;785000;1.263602568
Asus;H97-Plus;lga1150;h97;ddr3;gen3;sata3;m;2045000;2.541061169
Asus;H97-PRO;lga1150;h97;ddr3;gen3;sata3;m;2040000;2.535991889
Asus;H97-Pro Gaming;lga1150;h97;ddr3;gen3;sata3;m;1780000;2.272389321
Asus;H97I-PLUS;lga1150;h97;ddr3;gen3;sata3;m;1980000;2.475160527
Asus;H97M-E;lga1150;h97;ddr3;gen3;sata3;n;1185000;1.669144981
Asus;H97M-PLUS;lga1150;h97;ddr3;gen3;sata3;n;1944000;2.43866171
Asus;Maximus VII Formula;lga1150;Z97;ddr3;gen3;sata3;m;5620000;6.165596485
Asus;Maximus VII Gene;lga1150;Z97;ddr3;gen3;sata3;n;4142000;4.667117269
Asus;Maximus VII Ranger;lga1150;Z97;ddr3;gen3;sata3;m;3974000;4.496789456
Asus;Sabertooth Z97 Mark 1;lga1150;z97;ddr3;gen3;sata3;m;3655000;4.173369382
Asus;Sabertooth Z97 Mark 2;lga1150;z97;ddr3;gen3;sata3;m;2860000;3.367353836
Asus;Sabertooth Z97 MARK S;lga1150;z97;ddr3;gen3;sata3;m;4530000;5.06049341
Asus;Z97-A;lga1150;z97;ddr3;gen3;sata3;m;3170000;3.681649206
Asus;Z97-C;lga1150;z97;ddr3;gen3;sata3;m;2900000;3.407908077
Asus;Z97-Deluxe;lga1150;z97;ddr3;gen3;sata3;m;4475000;5.004731328
Asus;Z97-K;lga1150;z97;ddr3;gen3;sata3;m;2050000;2.546130449
Asus;Z97-Pro Gamer;lga1150;z97;ddr3;gen3;sata3;m;3227000;3.739439
Asus;Z97I-PLUS;lga1150;z97;ddr3;gen3;sata3;m;2395000;2.895910781
Asus;Z97M-Plus;lga1150;z97;ddr3;gen3;sata3;n;2280000;2.779317337
Biostar;H81MDC -LSP (ANTI PETIR);lga1150;h81;ddr3;gen3;sata3;n;724000;1.20175735
Biostar;H81MDV3;lga1150;h81;ddr3;gen3;sata3;n;707000;1.184521798
Biostar;H81MHP2-LSP (ANTI PETIR);lga1150;h81;ddr3;gen3;sata3;n;764000;1.242311592
Biostar;H81MHV3;lga1150;h81;ddr3;gen3;sata3;n;710000;1.187563366
Biostar;H81MLV3;lga1150;h81;ddr3;gen3;sata3;n;692000;1.169313957
Biostar;HI-FI K1-i (HIFI KARAOKE)+N10;lga1150;H81;ddr3;gen3;sata3;m;1082000;1.56471781
Biostar;HIFI Z87X 3D;lga1150;z87;ddr3;gen3;sata3;m;1779000;2.271375465
Biostar;HIFI GAMING Z97X;lga1150;z97;ddr3;gen3;sata3;m;2562000;3.065224738
Cardex;CDX H81;lga1150;h81;ddr3;gen3;sata3;m;525000;1
ECS;H81H3-M3S;lga1150;h81;ddr3;gen3;sata3;m;860000;1.339641771
ECS;H81H3-M4;lga1150;h81;ddr3;gen3;sata3;m;690000;1.167286245
ECS;Z87H3-M;lga1150;z87;ddr3;gen3;sata3;m;1395000;1.882054748
ECS;Z97 Machine;lga1150;z97;ddr3;gen3;sata3;m;2045000;2.541061169
Gigabyte;GA-B85M-DS3H-A;lga1150;b85;ddr3;gen3;sata3;n;1195000;1.679283542
Gigabyte;GA-B85M-HD3-A;lga1150;b85;ddr3;gen3;sata3;n;1200000;1.684352822
Gigabyte;GA-H81M-DS2;lga1150;h81;ddr3;gen3;sata3;n;845000;1.32443393
Gigabyte;GA-H81M-H;lga1150;h81;ddr3;gen3;sata3;n;855000;1.334572491
Gigabyte;GA-H81M-S1;lga1150;h81;ddr3;gen3;sata3;n;830000;1.30922609
Gigabyte;GA-H81M-S2PH;lga1150;h81;ddr3;gen3;sata3;n;899000;1.379182156
Gigabyte;GA-H97-HD3;lga1150;h97;ddr3;gen3;sata3;m;1585000;2.074687394
Gigabyte;GA-H97M-D3H;lga1150;h97;ddr3;gen3;sata3;n;1465000;1.95302467
Gigabyte;GA-P81-D3;lga1150;p81;ddr3;gen3;sata3;m;1010000;1.491720176
Gigabyte;GA-Z97X-Gaming G1 WIFI-BK;lga1150;z97;ddr3;gen3;sata3;m;6050000;6.601554579
MSI;B85-G43 Gaming;lga1150;b85;ddr3;gen3;sata3;m;1540000;2.029063873
MSI;B85M PRO VD;lga1150;b85;ddr3;gen3;sata3;n;1160000;1.643798581
MSI;B85M-P32;lga1150;b85;ddr3;gen3;sata3;n;1239000;1.723893207
MSI;B85M-P33 V3;lga1150;b85;ddr3;gen3;sata3;n;1160000;1.643798581
MSI;H81i;lga1150;h81;ddr3;gen3;sata3;m;1078000;1.560662386
MSI;H81M-E33;lga1150;h81;ddr3;gen3;sata3;n;829000;1.308212234
MSI;H81M-E35 V2;lga1150;h81;ddr3;gen3;sata3;n;860000;1.339641771
MSI;H81M-ECO;lga1150;h81;ddr3;gen3;sata3;n;1140000;1.62352146
MSI;H81M-P32L;lga1150;h81;ddr3;gen3;sata3;n;913000;1.393376141
MSI;H81M-P33 PLUS;lga1150;h81;ddr3;gen3;sata3;n;849000;1.328489355
MSI;H97 Gaming 3;lga1150;h97;ddr3;gen3;sata3;m;1836000;2.329165259
MSI;H97-PC Mate;lga1150;h97;ddr3;gen3;sata3;m;1737000;2.228793511
MSI;H97M-E35;lga1150;h97;ddr3;gen3;sata3;n;1522000;2.010814464
MSI;H97M-G43;lga1150;h97;ddr3;gen3;sata3;n;1627000;2.117269348
MSI;Z97 Gaming 3;lga1150;z97;ddr3;gen3;sata3;m;2280000;2.779317337
MSI;Z97 Gaming 7;lga1150;z97;ddr3;gen3;sata3;m;3180000;3.691787766
MSI;Z97 Mpower;lga1150;z97;ddr3;gen3;sata3;m;3169000;3.68063535
MSI;Z97 MPower Max AC;lga1150;z97;ddr3;gen3;sata3;m;4453000;4.982426495
MSI;Z97 U3 Plus;lga1150;z97;ddr3;gen3;sata3;m;2624000;3.128083812
MSI;Z97-PC Mate;lga1150;z97;ddr3;gen3;sata3;m;2270000;2.769178777
MSI;Z97A Gaming 7;lga1150;z97;ddr3;gen3;sata3;m;3650000;4.168300101
MSI;Z97S SLI Krait Edition;lga1150;z97;ddr3;gen3;sata3;m;2467000;2.968908415
MSI;Z97S SLI Plus;lga1150;z97;ddr3;gen3;sata3;m;2700000;3.205136871
Venomrx;Intel H81;lga1150;h81;ddr3;gen3;sata3;m;556000;1.031429537
ASRock;X99 Taichi;lga2011v3;x99;ddr4;gen3;sata3;m;3995000;4.518080433
ASRock;X99X Killer;lga2011v3;x99;ddr4;gen3;sata3;m;4790000;5.324095978
Asus;Rampage V Edition 10;lga2011v3;x99;ddr4;gen3;sata3;m;9295000;9.891517405
Asus;Rampage V Extreme USB 3.1;lga2011v3;x99;ddr4;gen3;sata3;m;7670000;8.244001352
Asus;ROG STRIX X99 GAMING;lga2011v3;x99;ddr4;gen3;sata3;m;5465000;6.0084488
Asus;Sabertooth X99;lga2011v3;x99;ddr4;gen3;sata3;m;4675000;5.207502535
Asus;X99 Deluxe;lga2011v3;x99;ddr4;gen3;sata3;m;6615000;7.174383238
Asus;X99 Deluxe II;lga2011v3;x99;ddr4;gen3;sata3;m;6763000;7.32443393
Asus;X99-A;lga2011v3;x99;ddr4;gen3;sata3;m;4230000;4.7563366
Asus;X99-A II;lga2011v3;x99;ddr4;gen3;sata3;m;4775000;5.308888138
Gigabyte;GA-X99 Gaming G1 Wifi;lga2011v3;x99;ddr4;gen3;sata3;m;6950000;7.514025008
Gigabyte;ga-x99-designare EX;lga2011v3;x99;ddr4;gen3;sata3;m;7240000;7.808043258
Gigabyte;GA-X99-Ultra Gaming;lga2011v3;x99;ddr4;gen3;sata3;m;5700000;6.246704968
MSI;X99A Gaming 7;lga2011v3;x99;ddr4;gen3;sata3;m;3276000;3.789117945
MSI;X99A GAMING PRO CARBON;lga2011v3;x99;ddr4;gen3;sata3;m;5855000;6.403852653
MSI;X99A Gaming Z;lga2011v3;x99;ddr4;gen3;sata3;m;4960000;5.496451504
MSI;X99A GODLIKE GAMING;lga2011v3;x99;ddr4;gen3;sata3;m;8897000;9.488002704
MSI;X99A GODLIKE GAMING CARBON;lga2011v3;x99;ddr4;gen3;sata3;m;9402000;10
MSI;X99A Mpower;lga2011v3;x99;ddr4;gen3;sata3;m;4453000;4.982426495
MSI;X99A Raider;lga2011v3;x99;ddr4;gen3;sata3;m;4350000;4.877999324
MSI;X99A SLI Krait;lga2011v3;x99;ddr4;gen3;sata3;m;5065000;5.602906387
MSI;X99A SLI Plus;lga2011v3;x99;ddr4;gen3;sata3;m;4588000;5.11929706
MSI;X99A Tomahawk;lga2011v3;x99;ddr4;gen3;sata3;m;4275000;4.801960122
MSI;X99A XPower Gaming Titanium;lga2011v3;x99;ddr4;gen3;sata3;m;7120000;7.686380534
MSI;X99S SLI PLUS;lga2011v3;x99;ddr4;gen3;sata3;m;4908000;5.44373099
ASRock;FM2A68M-DG3+;fm2+;a68m;ddr3;gen2;sata3;n;700000;1.177424806
ASRock;FM2A68M-HD+;fm2+;a88x;ddr3;gen2;sata3;n;755000;1.233186887
ASRock;FM2A88M-DG3+;fm2+;a88x;ddr3;gen2;sata3;n;915000;1.395403853
ASRock;FM2A88M-G/3.1;fm2+;a88x;ddr3;gen2;sata3;n;973000;1.454207503
ASRock;FM2A88M-HD+R3.0 (FM2+);fm2+;a88x;ddr3;gen2;sata3;n;943000;1.423791822
ASRock;FM2A88X KILLER (FM2+);fm2+;a88x;ddr3;gen2;sata3;m;1465000;1.95302467
Asus;A88X (Bolton D4) (FM2+);fm2+;a88x;ddr3;gen2;sata3;m;1928000;2.422440014
Asus;A88X-GAMER (FM2+);fm2+;a88x;ddr3;gen2;sata3;m;1863000;2.356539371
Asus;A88XM-A (FM2+);fm2+;a88x;ddr3;gen2;sata3;n;1320000;1.806015546
Asus;A88XM-A/USB3.1;fm2+;a88x;ddr3;gen2;sata3;n;1373000;1.859749916
Asus;A88XM-E/USB3.1 (FM2+);fm2+;a88x;ddr3;gen2;sata3;n;1283000;1.768502873
Asus;A88XM-PLUS;fm2+;a88x;ddr3;gen2;sata3;n;1438000;1.925650558
Biostar;A88MQ ( FM2+);fm2+;a88x;ddr3;gen2;sata3;n;842000;1.321392362
Biostar;HI-FI A85S +;fm2+;a85x;ddr3;gen2;sata3;m;858000;1.337614059
Biostar;HI-FI K1-A (HIFI KARAOKE)+N10;fm2+;A88X ;ddr3;gen2;sata3;m;1077000;1.55964853
Biostar;HI-FI A70U3P;fm2+;a70m;ddr3;gen2;sata3;m;717000;1.194660358
Biostar;HI-FI A88W 3D + remove;fm2+;a88x;ddr3;gen2;sata3;m;1360000;1.846569787
Biostar;HIFI A85S3;fm2+;a85x;ddr3;gen2;sata3;m;861000;1.340655627
Biostar;HIFI A85W;fm2+;a85x;ddr3;gen2;sata3;m;957000;1.437985806
Gigabyte;G1.Sniper A88X (FM2+);fm2+;a88x;ddr3;gen2;sata3;m;1766000;2.258195336
Gigabyte;GA-F2A68HM-DS2;fm2+;A68H;ddr3;gen2;sata3;n;811000;1.289962825
Gigabyte;GA-F2A68HM-H;fm2+;A68H;ddr3;gen2;sata3;n;844000;1.323420074
Gigabyte;GA-F2A68HM-S1;fm2+;A68H;ddr3;gen2;sata3;n;765000;1.243325448
Gigabyte;GA-F2A88XM-HD3P (FM2+);fm2+;a88x;ddr3;gen2;sata3;n;1360000;1.846569787
MSI;A68HM Gaming;fm2+;A68H;ddr3;gen2;sata3;n;989000;1.470429199
MSI;A68HM-E33 (FM2+);fm2+;A68H;ddr3;gen2;sata3;n;791000;1.269685705
MSI;A78M-E35 V2 (FM2+);fm2+;a78;ddr3;gen2;sata3;n;891000;1.371071308
MSI;A78M-E45 V2(AMD FM2+);fm2+;a78;ddr3;gen2;sata3;n;1214000;1.698546806
MSI;A88XI-AC V2 Mini ITX (FM2+);fm2+;a88x;ddr3;gen2;sata3;n;1688000;2.179114566
MSI;A88XM-E35 V2 (FM2+);fm2+;a88x;ddr3;gen2;sata3;n;1243000;1.727948631
MSI;FM2-A75IA-E53;fm2+;a75;ddr3;gen2;sata3;m;997000;1.478540047
ASRock;970 Pro 3;am3+;970;ddr3;gen2;sata3;m;1097000;1.579925651
ASRock;970A-G/3.1;am3+;970;ddr3;gen2;sata3;m;1195000;1.679283542
ASRock;990FX Extreme3;am3+;990fx;ddr3;gen2;sata3;m;1565000;2.054410274
ASRock;990FX KILLER;am3+;990fx;ddr3;gen2;sata3;m;2005000;2.500506928
Asus;M5A99X Evo R2.0;am3+;990x;ddr3;gen2;sata3;m;2127000;2.624197364
Asus;Crosshair V Formula-Z;am3+;990FX;ddr3;gen2;sata3;m;3463000;3.978709023
Asus;M5A78L-M LE/USB3;am3+;760g;ddr3;gen2;sata3;n;830000;1.30922609
Asus;M5A78L-M/USB3;am3+;760g;ddr3;gen2;sata3;n;870000;1.349780331
Asus;M5A97 Evo R2.0;am3+;970;ddr3;gen2;sata3;m;1653000;2.143629605
Asus;M5A97 R2.0;am3+;970;ddr3;gen2;sata3;m;1483000;1.971274079
Asus;Sabertooth 990FX R2.0;am3+;990fx;ddr3;gen3;sata3;m;2932000;3.44035147
Biostar;A780L3C2;am3+;890GX ;ddr3;gen2;sata3;m;726000;1.203785063
Biostar;A960D+;am3+;760G ;ddr3;gen2;sata3;m;753000;1.231159175
Biostar;TA970;am3+;970;ddr3;gen2;sata3;m;1171000;1.654950997
Gigabyte;GA-78LMT-USB3;am3+;760G ;ddr3;gen2;sata3;n;844000;1.323420074
Gigabyte;GA-970A-D3P;am3+;970;ddr3;gen2;sata3;m;1542000;2.031091585
Gigabyte;GA-990FXA-UD3 R5;am3+;990fx;ddr3;gen2;sata3;m;2047000;2.543088881
MSI;760GM-P23;am3+;760g;ddr3;gen2;sata3;n;783000;1.261574856
MSI;970 Gaming (AM3+);am3+;970;ddr3;gen2;sata3;m;1540000;2.029063873
MSI;970A Gaming Pro Carbon;am3+;970;ddr3;gen2;sata3;m;1589000;2.078742819
MSI;970A-G43 PLUS;am3+;970;ddr3;gen2;sata3;m;1342000;1.828320379
MSI;990FXA Gaming;am3+;990fx;ddr3;gen2;sata3;m;2577000;3.080432579
ASRock;AAB350 Gaming K4;am4;b350;ddr4;gen3;sata3;m;1649000;2.13957418
ASRock;AAB350 Pro 4;am4;b350;ddr4;gen3;sata3;m;1449000;1.936802974
ASRock;AX370 Gaming K4;am4;x370;ddr4;gen3;sata3;m;2359000;2.859411964
ASRock;AX370 Taichi;am4;x370;ddr4;gen3;sata3;m;3459000;3.974653599
Asus;PRIME B350 Plus;am4;b350;ddr4;gen3;sata3;m;1999000;2.494423792
Asus;PRIME B350M-A;am4;x370;ddr4;gen3;sata3;n;1799000;2.291652585
Asus;PRIME X370-Pro;am4;x370;ddr4;gen3;sata3;m;3099000;3.609665428
Asus;ROG CROSSHAIR VI Hero;am4;x370;ddr4;gen3;sata3;m;4499000;5.029063873
Biostar;Racing B350ET2;am4;b350;ddr4;gen3;sata3;m;1110000;1.593105779
Biostar;Racing B350GT5;am4;b350;ddr4;gen3;sata3;m;1625000;2.115241636
Biostar;Racing X370GT5;am4;x370;ddr4;gen3;sata3;m;1880000;2.373774924
Biostar;Racing X370GT7;am4;x370;ddr4;gen3;sata3;m;2771000;3.277120649
Gigabyte;GA-A350M-DS2 AMD AM4;am4;b350;ddr4;gen3;sata3;n;1255000;1.740114904
Gigabyte;GA-AB350-Gaming 3;am4;b350;ddr4;gen3;sata3;m;2095000;2.591753971
Gigabyte;GA-AB350M-Gaming 3;am4;b350;ddr4;gen3;sata3;n;1678000;2.168976005
Gigabyte;GA-AX370 Gaming K3;am4;x370;ddr4;gen3;sata3;m;2985000;3.49408584
Gigabyte;GA-AX370-Gaming 5;am4;x370;ddr4;gen3;sata3;m;3950000;4.472456911
MSI;B350 Tomahawk;am4;b350;ddr4;gen3;sata3;m;2089000;2.585670835
MSI;B350M Gaming Pro;am4;b350;ddr4;gen3;sata3;n;1499000;1.987495776
MSI;X370 Gaming Pro Carbon;am4;x370;ddr4;gen3;sata3;m;3289000;3.802298074
MSI;X370 Xpower Gaming Titanium;am4;x370;ddr4;gen3;sata3;m;4780000;5.313957418
